step,L_total,L_data,L_position,L_velocity,L_rsf,L_state,L_smooth,L_friction_reg,L_V_temporal,a_minus_b_min,a_minus_b_max,a_minus_b_mean,a_minus_b_std,tau_0_mean,tau_dot_mean,lr,w_rsf,w_state,V_log10_mean,V_log10_std,slip_max
0.0,0.018562957644462585,0.018468603491783142,0.01764012686908245,0.02761586382985115,0.6531811952590942,0.880953311920166,0.00120025675278157,5.25399373145774e-05,0.09052764624357224,-0.002184942364692688,0.0036088023334741592,0.0004845345101784915,0.0007814959972165525,59999996.0,0.09999999403953552,9.999999944483476e-05,0.0,0.0,-9.752363204956055,0.11694833636283875,0.20004145801067352
99.0,0.018250804394483566,0.01824036054313183,0.017433298751711845,0.026902031153440475,0.6268919110298157,0.7966365814208984,0.0007143764523789287,1.078101149687427e-06,0.009674238972365856,-0.014019716531038284,0.014477908611297607,-4.312329110689461e-05,0.008441237732768059,59999996.0,0.09999999403953552,9.999444846167472e-05,0.0,0.0,-9.509336471557617,0.07179395109415054,0.1734100729227066
199.0,0.0181515384465456,0.018145883455872536,0.017496243119239807,0.021654663607478142,0.6438078880310059,0.8021337985992432,0.0005476000369526446,6.713736411256832e-07,0.0050730290822684765,-0.012884832918643951,0.014221835881471634,-3.080442184000276e-05,0.007953545078635216,59999996.0,0.09999999403953552,9.997779521645799e-05,0.0,0.0,-9.542630195617676,0.06892537325620651,0.17318446934223175
299.0,0.01906924694776535,0.019063295796513557,0.018330872058868408,0.024414129555225372,0.6065373420715332,0.8245993852615356,0.00048090011114254594,5.438558901005308e-07,0.005441775545477867,-0.012868279591202736,0.014495049603283405,6.105395004851744e-05,0.007925746962428093,59999996.0,0.09999999403953552,9.995004437328878e-05,0.0,0.0,-9.605374336242676,0.07340355217456818,0.15778979659080505
399.0,0.019185924902558327,0.019180921837687492,0.01842009834945202,0.02536076307296753,0.6614607572555542,0.8376013040542603,0.00041164096910506487,4.6912313678149076e-07,0.0045666880905628204,-0.012602077797055244,0.014205345883965492,-7.140708021324826e-06,0.00790836475789547,59999996.0,0.09999999403953552,9.991120277927234e-05,0.0,0.0,-9.633018493652344,0.0904989168047905,0.1933678835630417
499.0,0.019050147384405136,0.019038066267967224,0.01816457509994507,0.029116397723555565,0.5573548674583435,0.7877432703971863,0.0004681300779338926,3.997873534444807e-07,0.011593731120228767,-0.012480435892939568,0.014051157981157303,-3.5129526168020675e-06,0.007999321445822716,59999996.0,0.09999999403953552,9.986128001799085e-05,0.0,0.0,-9.550148010253906,0.08526243269443512,0.20653443038463593
599.0,0.018748173490166664,0.018715348094701767,0.017938872799277306,0.025882497429847717,0.6002486944198608,0.47394299507141113,0.0025630134623497725,3.776776225095091e-07,0.030243633314967155,-0.012070508673787117,0.014416051097214222,-7.709443707426544e-06,0.007966652512550354,59999996.0,0.09999999403953552,9.98002884071387e-05,0.0,0.0,-9.088484764099121,0.17584660649299622,0.6269881725311279
699.0,0.018778301775455475,0.018753550946712494,0.01800842583179474,0.024837512522935867,0.5925025343894958,0.5494402647018433,0.0036145118065178394,3.4388489211778506e-07,0.021119534969329834,-0.011920087039470673,0.014306921511888504,2.024079003604129e-05,0.007980802096426487,59999996.0,0.09999999403953552,9.972824299548328e-05,0.0,0.0,-9.195863723754883,0.15714992582798004,0.9573900699615479
799.0,0.01864088512957096,0.018452083691954613,0.01768431067466736,0.02559245005249977,0.535852313041687,0.5468865633010864,0.005606317427009344,3.193592874595197e-07,0.18317796289920807,-0.012227321043610573,0.014368599280714989,1.1708170859492384e-05,0.007968676276504993,59999996.0,0.09999999403953552,9.96451615591517e-05,0.0,0.0,-9.183990478515625,0.3559821844100952,0.9749267101287842
899.0,0.018278073519468307,0.018256444483995438,0.017550373449921608,0.023535706102848053,0.604145884513855,0.8164867758750916,0.0033980575390160084,2.981353759423655e-07,0.01821707747876644,-0.012034472078084946,0.014165788888931274,-2.4440223569399677e-05,0.008017701096832752,59999996.0,0.09999999403953552,9.955106459724526e-05,0.0,0.0,-9.532940864562988,0.05317382514476776,0.3371671438217163
999.0,0.01949491910636425,0.019473277032375336,0.018410027027130127,0.03544165939092636,0.6472017765045166,0.8370508551597595,0.0026156939566135406,2.7908350830330164e-07,0.01901477389037609,-0.011707793921232224,0.014183872379362583,4.382638508104719e-06,0.007970675826072693,59999996.0,0.09999999403953552,9.944597532678134e-05,0.0,0.0,-9.562969207763672,0.043164074420928955,0.24731090664863586
1099.0,0.02003406174480915,0.0200161375105381,0.01905999705195427,0.031871356070041656,0.6042313575744629,0.842924952507019,0.0024130651727318764,2.711394131438283e-07,0.015497646294534206,-0.01158619299530983,0.014186554588377476,-1.0832785847014748e-05,0.00798459816724062,59999996.0,0.09999999403953552,9.932991967696495e-05,0.0,0.0,-9.590822219848633,0.0404907688498497,0.24982282519340515
1199.0,0.018127508461475372,0.018112529069185257,0.0173935703933239,0.023965289816260338,0.6352720260620117,0.83783358335495,0.0022137053310871124,2.51870659440101e-07,0.012752614915370941,-0.011348236352205276,0.014250194653868675,-4.2288934309908655e-06,0.007983030751347542,59999996.0,0.09999999403953552,9.92029262827912e-05,0.0,0.0,-9.590481758117676,0.038121145218610764,0.25520235300064087
1299.0,0.018866324797272682,0.018852749839425087,0.018049268051981926,0.026782717555761337,0.6027942895889282,0.8371728658676147,0.0021192606072872877,2.4590949010416807e-07,0.011441709473729134,-0.01151353120803833,0.014073739759624004,-1.6445183064206503e-05,0.007983791641891003,59999996.0,0.09999999403953552,9.906502647797964e-05,0.0,0.0,-9.554643630981445,0.038497455418109894,0.22855614125728607
1399.0,0.018939770758152008,0.018928086385130882,0.01815822720527649,0.025661993771791458,0.6678099036216736,0.8307968378067017,0.002093385672196746,2.3028869122754259e-07,0.009579393081367016,-0.011344905942678452,0.014334580861032009,-2.167587990697939e-05,0.007974253967404366,59999996.0,0.09999999403953552,9.891625428724375e-05,0.0,0.0,-9.575665473937988,0.03486683592200279,0.2596067190170288
1499.0,0.01848960854113102,0.018478406593203545,0.017673160880804062,0.026841511949896812,0.6296238303184509,0.8323259353637695,0.001984921982511878,2.267370149411363e-07,0.009205919690430164,-0.011155663058161736,0.01411469653248787,-2.266583396703936e-05,0.007973473519086838,59999996.0,0.09999999403953552,9.87566464178955e-05,0.0,0.0,-9.556241989135742,0.03394338861107826,0.2383592426776886
1599.0,0.017764968797564507,0.017754515632987022,0.017041118815541267,0.023779883980751038,0.608094334602356,0.8335471153259277,0.0019641767721623182,2.1593541532638483e-07,0.00847660657018423,-0.01151818223297596,0.013852277770638466,-2.187403197240201e-06,0.007983135059475899,59999996.0,0.09999999403953552,9.858624225078837e-05,0.0,0.0,-9.541970252990723,0.036821044981479645,0.20737048983573914
1699.0,0.01808670535683632,0.018076179549098015,0.0173324067145586,0.02479240857064724,0.5704705119132996,0.8350634574890137,0.0019184646662324667,2.1202475863901782e-07,0.008595360442996025,-0.011818679049611092,0.01419261284172535,-4.3881133024115115e-05,0.00796243641525507,59999996.0,0.09999999403953552,9.840508383060083e-05,0.0,0.0,-9.546162605285645,0.034901734441518784,0.20624946057796478
1799.0,0.018926599994301796,0.018917540088295937,0.018117278814315796,0.026675386354327202,0.6633942127227783,0.8305694460868835,0.0018161939224228263,2.0122335797623236e-07,0.007235120516270399,-0.011469781398773193,0.013897387310862541,-2.8059143005521037e-05,0.007978186942636967,59999996.0,0.09999999403953552,9.821321585546243e-05,0.0,0.0,-9.549206733703613,0.03235117718577385,0.19794398546218872
1899.0,0.019119564443826675,0.019110050052404404,0.018237847834825516,0.029073385521769524,0.5460466146469116,0.8352714776992798,0.001842782599851489,1.9251238825290784e-07,0.007662667427212,-0.011168750002980232,0.013794711790978909,-2.60572574006801e-06,0.00797946471720934,59999996.0,0.09999999403953552,9.80106856659248e-05,0.0,0.0,-9.552362442016602,0.028605690225958824,0.22938042879104614
1999.0,0.018164703622460365,0.018156174570322037,0.0172914806753397,0.02882315218448639,0.6447888612747192,0.8321611881256104,0.0017890639137476683,1.9059483236105734e-07,0.006731502711772919,-0.011474113911390305,0.01379165705293417,4.01680008508265e-05,0.007982831448316574,59999996.0,0.09999999403953552,9.779754323328192e-05,0.0,0.0,-9.554697036743164,0.028217781335115433,0.23435620963573456
2099.0,0.01954442448914051,0.018957864493131638,0.01808837428689003,0.028983023017644882,0.1011054739356041,0.00757788447663188,0.0016246367013081908,0.0012524515623226762,0.009337383322417736,-0.036180004477500916,-0.03146637976169586,-0.03460356965661049,0.000706154911313206,59999996.0,0.04940721020102501,9.757384114723954e-05,0.00495,0.0016500000000000002,-9.65733814239502,0.03258710354566574,0.23390939831733704
2199.0,0.01872500590980053,0.018499089404940605,0.017660636454820633,0.027948414906859398,0.00827485229820013,0.009416571818292141,0.0014430214650928974,0.0018716275226324797,0.017326435074210167,-0.043424900621175766,-0.04066736623644829,-0.042591433972120285,0.000403595098759979,59999996.0,0.023672208189964294,9.733963460294007e-05,0.009949999999999999,0.0033166666666666665,-9.872758865356445,0.0421014279127121,0.22511646151542664
2299.0,0.01898273080587387,0.018892094492912292,0.017987364903092384,0.0301576666533947,0.0019920733757317066,0.004257600288838148,0.0013935824390500784,0.000604336557444185,0.008025554940104485,-0.028928618878126144,-0.015691684558987617,-0.023929068818688393,0.0023393649607896805,59999996.0,0.010634738020598888,9.709498138734405e-05,0.01495,0.0049833333333333335,-9.744050025939941,0.028774172067642212,0.19669610261917114
2399.0,0.018288031220436096,0.018257129937410355,0.017496466636657715,0.02535543404519558,0.0003108847013209015,0.002191613195464015,0.0013822971377521753,8.502639684593305e-05,0.004492584150284529,-0.018219375982880592,0.0024230889976024628,-0.008272449485957623,0.003876690287142992,59999996.0,0.0028978600166738033,9.683994186497132e-05,0.01995,0.0066500000000000005,-9.629551887512207,0.024000069126486778,0.21558766067028046
2499.0,0.019035816192626953,0.019011836498975754,0.01833275705575943,0.022636009380221367,0.0001427842944394797,0.0017537144012749195,0.001342711504548788,1.3497085092240013e-05,0.0038145349826663733,-0.013296009972691536,0.009391503408551216,-0.0018445943715050817,0.004851271398365498,59999996.0,0.00019765744218602777,9.657457896300796e-05,0.02495,0.008316666666666667,-9.558601379394531,0.020622016862034798,0.20177611708641052
2599.0,0.018257930874824524,0.018235675990581512,0.01751181110739708,0.02412884496152401,0.000136936258058995,0.0013443970819935203,0.0013257325626909733,5.604120815405622e-06,0.00312487012706697,-0.013069083914160728,0.013586211949586868,-0.0005818084464408457,0.005808386951684952,59999996.0,-0.0003131856501568109,9.629895815577929e-05,0.029949999999999997,0.009983333333333334,-9.531305313110352,0.0195503830909729,0.18592749536037445
2699.0,0.018082747235894203,0.018060194328427315,0.017361873760819435,0.023277362808585167,0.00013288052286952734,0.001175496494397521,0.001301851007156074,2.9501793505914975e-06,0.0027652813587337732,-0.016182221472263336,0.014432906173169613,-0.0002747494145296514,0.006506722420454025,59999996.0,-0.0003732736804522574,9.601314744859518e-05,0.03495,0.01165,-9.520495414733887,0.017874522134661674,0.22549888491630554
2799.0,0.01820944994688034,0.018186690285801888,0.01747659035027027,0.023670025169849396,0.00012734111805912107,0.001034467713907361,0.0012409233022481203,1.9405670173000544e-06,0.0025585019029676914,-0.015045514330267906,0.015000574290752411,-0.00015143179916776717,0.0069067273288965225,59999996.0,-0.0003763878485187888,9.571721736097102e-05,0.03994999999999999,0.013316666666666666,-9.517577171325684,0.018601151183247566,0.2122785747051239
2899.0,0.01885789819061756,0.018834898248314857,0.017970923334360123,0.028799179941415787,0.00011906166037078947,0.0009384334553033113,0.0011577513068914413,1.573944018673501e-06,0.0023505021817982197,-0.016946762800216675,0.015612584538757801,-0.0002709498512558639,0.007016534451395273,59999996.0,-0.00038320841849781573,9.541124090922784e-05,0.044950000000000004,0.014983333333333335,-9.509519577026367,0.01760992780327797,0.21773958206176758
2999.0,0.0189294945448637,0.01890711672604084,0.018113471567630768,0.026454836130142212,0.00011322942737024277,0.0008034107740968466,0.0011047569569200277,1.348490968666738e-06,0.0021730500739067793,-0.015445610508322716,0.01436232402920723,-0.00017589249182492495,0.007161673624068499,59999996.0,-0.00038313312688842416,9.50952935884767e-05,0.04995,0.01665,-9.505583763122559,0.01742386259138584,0.19013875722885132
3099.0,0.0185412410646677,0.01851637288928032,0.017830032855272293,0.022877994924783707,0.00010939424100797623,0.0008468659943901002,0.00105164828710258,1.2102307209715946e-06,0.0022333988454192877,-0.015236154198646545,0.01512228325009346,-0.00014902833208907396,0.007153368089348078,59999996.0,-0.00038475837209261954,9.476945335399136e-05,0.05495,0.01831666666666667,-9.506513595581055,0.0166766494512558,0.2379176914691925
3199.0,0.01902235485613346,0.018996724858880043,0.018306730315089226,0.02299978956580162,0.00010271803330397233,0.0008101632120087743,0.0009689675061963499,1.1693934993672883e-06,0.002255975268781185,-0.015872832387685776,0.015513142570853233,-0.0002793723251670599,0.0072698649019002914,59999996.0,-0.0003784680739045143,9.443380060197401e-05,0.059949999999999996,0.019983333333333336,-9.502802848815918,0.01689160242676735,0.1648510843515396
3299.0,0.01898364908993244,0.018957750871777534,0.018133308738470078,0.027481412515044212,0.00010061118518933654,0.0007485791575163603,0.0009595314040780067,1.160892338702979e-06,0.0021409685723483562,-0.015604894608259201,0.014375749975442886,-0.0002611799573060125,0.007266738452017307,59999996.0,-0.000383544247597456,9.40884181497188e-05,0.06495,0.021650000000000003,-9.50906753540039,0.015887487679719925,0.20547564327716827
3399.0,0.018724199384450912,0.018700549378991127,0.017986875027418137,0.0237891748547554,9.027539636008441e-05,0.0006230947910808027,0.0008844761177897453,1.1420631835790118e-06,0.0018642680952325463,-0.01654847152531147,0.014052675105631351,-0.00029914837796241045,0.0072472658939659595,59999996.0,-0.00039154154364950955,9.373339121517766e-05,0.06995,0.023316666666666666,-9.507781982421875,0.015188760124146938,0.19993507862091064
3499.0,0.019055241718888283,0.01902906410396099,0.018302343785762787,0.024223998188972473,8.70541189215146e-05,0.0006742735276930034,0.0008161737932823598,1.085811391021707e-06,0.0019372528186067939,-0.015295282006263733,0.014301386661827564,-0.0001102113164961338,0.007206895388662815,59999996.0,-0.0003808718756772578,9.336880739593439e-05,0.07494999999999999,0.024983333333333333,-9.50712776184082,0.014927375130355358,0.1629018634557724
3599.0,0.01880612224340439,0.018780434504151344,0.017894834280014038,0.029519997537136078,8.261889888672158e-05,0.0006163643556647003,0.0007698789122514427,1.1908039141417248e-06,0.0018280463991686702,-0.01552596315741539,0.014233412221074104,-0.0003630187129601836,0.007249010261148214,59999996.0,-0.00040260941023007035,9.299475664759092e-05,0.07995000000000001,0.026650000000000004,-9.512594223022461,0.014558571390807629,0.2052164226770401
3699.0,0.018772266805171967,0.018748585134744644,0.017841489985585213,0.030236516147851944,7.781843305565417e-05,0.000518644752446562,0.0007444554357789457,1.1527938568178797e-06,0.001581126474775374,-0.015797466039657593,0.014153089374303818,-0.00038441046490333974,0.007218013051897287,59999996.0,-0.00039037890383042395,9.261133126157237e-05,0.08495,0.02831666666666667,-9.519296646118164,0.014465120621025562,0.18780307471752167
3799.0,0.018530691042542458,0.018507644534111023,0.01767321676015854,0.027814282104372978,7.204966095741838e-05,0.00047477541374973953,0.0006817725370638072,1.0894568731600884e-06,0.0015941340243443847,-0.01596801169216633,0.014578846283257008,-0.0002554910024628043,0.007292972877621651,59999996.0,-0.000392314454074949,9.221862584235546e-05,0.08995,0.029983333333333334,-9.516129493713379,0.01323497574776411,0.1629001945257187
3899.0,0.018322134390473366,0.018297793343663216,0.017619481310248375,0.02261037938296795,7.154783816076815e-05,0.00048150349175557494,0.0006714612245559692,1.0734943316492718e-06,0.0015834445366635919,-0.015971042215824127,0.01582753285765648,-0.00028088223189115524,0.007239961065351963,59999996.0,-0.00040774434455670416,9.181673728412626e-05,0.09494999999999999,0.031650000000000005,-9.521722793579102,0.013568813912570477,0.1882263571023941
3999.0,0.01854637637734413,0.018522601574659348,0.017786148935556412,0.024548407644033432,6.347984890453517e-05,0.0004583459231071174,0.0005972007056698203,1.0577234661468538e-06,0.0015105808852240443,-0.016106022521853447,0.013571096584200859,-0.00021810445468872786,0.007303542923182249,59999996.0,-0.00038411622517742217,9.140576474687287e-05,0.09995,0.03331666666666667,-9.525409698486328,0.013166414573788643,0.18342335522174835
4099.0,0.018653210252523422,0.018629273399710655,0.01780761033296585,0.027388770133256912,6.236837361939251e-05,0.00043591292342171073,0.0005931872292421758,1.1126035133202095e-06,0.0014932642225176096,-0.015366775915026665,0.013251740485429764,-0.0004603501292876899,0.007203694898635149,59999996.0,-0.0004001060442533344,9.098580963191933e-05,0.10495,0.03498333333333333,-9.5275297164917,0.01333561260253191,0.20635053515434265
4199.0,0.018840650096535683,0.01881633698940277,0.018055012449622154,0.025377511978149414,5.814995529362932e-05,0.00043276953510940075,0.0005344157107174397,1.2320175528657273e-06,0.0014628798235207796,-0.01632530987262726,0.013454838655889034,-0.000539488741196692,0.007257226854562759,59999996.0,-0.0004154247581027448,9.055697555690627e-05,0.10994999999999999,0.03665,-9.52729320526123,0.012535963207483292,0.18246309459209442
4299.0,0.018497217446565628,0.018473731353878975,0.017487315461039543,0.03288053721189499,5.458306259242818e-05,0.0003969956887885928,0.0005147797055542469,1.1286908829788445e-06,0.0014278058661147952,-0.016412904486060143,0.014175704680383205,-0.0003200174542143941,0.007234186865389347,59999996.0,-0.00040171033469960093,9.011936833022505e-05,0.11495,0.038316666666666666,-9.534011840820312,0.012481477111577988,0.19162745773792267
4399.0,0.01855005882680416,0.018524711951613426,0.017721369862556458,0.026778077706694603,5.4504598665516824e-05,0.0004221262061037123,0.0004884765367023647,1.0774614338515676e-06,0.0013904309598729014,-0.016262704506516457,0.013351840898394585,-0.0002628226939123124,0.007207435090094805,59999996.0,-0.0003852912341244519,8.967309592491068e-05,0.11994999999999999,0.039983333333333336,-9.539468765258789,0.012692268006503582,0.19677074253559113
4499.0,0.018619364127516747,0.018596244975924492,0.017714768648147583,0.02938254177570343,4.996461939299479e-05,0.00036247557727620006,0.00046744869905523956,1.0891498050114023e-06,0.001257772441022098,-0.016834190115332603,0.013551700860261917,-0.00031584882526658475,0.007235554046928883,59999996.0,-0.00038210293860174716,8.921826845200169e-05,0.12494999999999999,0.04165,-9.54117488861084,0.012360425665974617,0.19007518887519836
4599.0,0.01873147487640381,0.018708495423197746,0.01792089268565178,0.02625340037047863,4.837377855437808e-05,0.00034619143116287887,0.00044318661093711853,1.049383399731596e-06,0.0012006289325654507,-0.01695479452610016,0.012955754064023495,-0.00018713089230004698,0.007170358207076788,59999996.0,-0.00038204650627449155,8.875499813337086e-05,0.12994999999999998,0.04331666666666667,-9.542397499084473,0.012048356235027313,0.16410526633262634
4699.0,0.01852501556277275,0.01850130781531334,0.017808904871344566,0.023080110549926758,4.7168825403787196e-05,0.0003477049176581204,0.00042611564276739955,1.034940623867442e-06,0.001224613981321454,-0.016952481120824814,0.0128316106274724,-0.00024283980019390583,0.007191123440861702,59999996.0,-0.0003832762304227799,8.828339927403761e-05,0.13495,0.044983333333333334,-9.54210376739502,0.011180664412677288,0.16946373879909515
4799.0,0.01846471056342125,0.01843940280377865,0.017674332484602928,0.025502339005470276,4.4491687731351703e-05,0.00037306579179130495,0.0004093442694284022,1.1579443253140198e-06,0.001211165334098041,-0.0166416484862566,0.011935170739889145,-0.00037665601121261716,0.0071909730322659016,59999996.0,-0.0004011146374978125,8.780358823396374e-05,0.13995,0.046650000000000004,-9.555085182189941,0.012358594685792923,0.18700335919857025
4899.0,0.018921855837106705,0.018897412344813347,0.0180882029235363,0.026973634958267212,4.295779945096001e-05,0.00034340674756094813,0.00038356910226866603,1.1784857179009123e-06,0.0011811222648248076,-0.015915902331471443,0.013070961460471153,-0.00041162443812936544,0.0071591162122786045,59999996.0,-0.000401665543904528,8.731568339934372e-05,0.14495,0.048316666666666674,-9.553553581237793,0.011724177747964859,0.19407229125499725
4999.0,0.01911161094903946,0.019089773297309875,0.018390482291579247,0.023309681564569473,4.0035876736510545e-05,0.00028637965442612767,0.00036625860957428813,1.3362348454393214e-06,0.0010849975515156984,-0.01696421392261982,0.012090587057173252,-0.000491191865876317,0.007155232131481171,59999996.0,-0.0004020052729174495,8.68198051533948e-05,0.14995,0.04998333333333334,-9.549714088439941,0.010627232491970062,0.16114750504493713
5099.0,0.018450500443577766,0.018427923321723938,0.017716575413942337,0.023711582645773888,3.786979505093768e-05,0.00029423675732687116,0.00034637952921912074,1.2223597423144383e-06,0.001105403178371489,-0.01744972914457321,0.012106032110750675,-0.0004298035928513855,0.007126878947019577,59999996.0,-0.00039306830149143934,8.631607584665427e-05,0.15494999999999998,0.05165,-9.559723854064941,0.011523469351232052,0.1941792517900467
5199.0,0.018796566873788834,0.018773429095745087,0.017960570752620697,0.027095254510641098,3.8544341805391014e-05,0.0002909431350417435,0.00033899385016411543,1.204415639222134e-06,0.001062160823494196,-0.015987437218427658,0.013125764206051826,-0.00036949696368537843,0.00709124468266964,59999996.0,-0.00039237100281752646,8.580461976679114e-05,0.15995,0.05331666666666667,-9.557019233703613,0.01046357024461031,0.14492027461528778
5299.0,0.018606578931212425,0.01858353242278099,0.017584407702088356,0.03330417722463608,3.5316676076035947e-05,0.0002872091718018055,0.00032353404094465077,1.3939913969807094e-06,0.001036224770359695,-0.018101444467902184,0.012183282524347305,-0.0005153153324499726,0.007083168253302574,59999996.0,-0.0004079357604496181,8.528556310793998e-05,0.16494999999999999,0.05498333333333333,-9.556857109069824,0.010398739948868752,0.15131372213363647
5399.0,0.01834532991051674,0.01831027865409851,0.017506524920463562,0.02679179236292839,3.565067163435742e-05,0.0004859608307015151,0.00030350126326084137,1.2104766256015864e-06,0.0010986730922013521,-0.01731858402490616,0.012307308614253998,-0.00022096843167673796,0.007103497628122568,59999996.0,-0.00037063294439576566,8.475903393956456e-05,0.16995,0.056650000000000006,-9.560932159423828,0.011112388223409653,0.18819838762283325
5499.0,0.018588919192552567,0.01856757514178753,0.01781618408858776,0.025046346709132195,3.2888990972423926e-05,0.00024472686345689,0.00030180654721334577,1.2227310435264371e-06,0.0009557581506669521,-0.017779070883989334,0.012990469112992287,-0.00018491153605282307,0.007016479037702084,59999996.0,-0.00036407969309948385,8.42251621748586e-05,0.17495000000000002,0.058316666666666676,-9.56165885925293,0.009945832192897797,0.15543973445892334
5599.0,0.018708180636167526,0.018686452880501747,0.017795680090785027,0.02969241701066494,3.3995675039477646e-05,0.00023841264192014933,0.00029668514616787434,1.2773201660820632e-06,0.0009501450695097446,-0.01829451136291027,0.011816996149718761,-0.00023704157501924783,0.007003188598901033,59999996.0,-0.00035508727887645364,8.368407953869135e-05,0.17995,0.05998333333333333,-9.567346572875977,0.011005476117134094,0.17868450284004211
5699.0,0.018137404695153236,0.01811549998819828,0.017382504418492317,0.024433158338069916,3.2115036447066814e-05,0.00023744985810481012,0.0002854716149158776,1.2822852113458794e-06,0.0009771359618753195,-0.01660381630063057,0.011604518629610538,-0.00027030412456952035,0.007066693156957626,59999996.0,-0.0003698098589666188,8.313591953510704e-05,0.18495,0.06165000000000001,-9.572349548339844,0.011297677643597126,0.18306025862693787
5799.0,0.01785906031727791,0.01783527061343193,0.01708601415157318,0.024975240230560303,3.1128161936067045e-05,0.00026241474552080035,0.0002726532402448356,1.4387780993274646e-06,0.0009183314978145063,-0.01810014247894287,0.011672819964587688,-0.00042682423372752964,0.0070260195061564445,59999996.0,-0.00038956181379035115,8.258081741438418e-05,0.18994999999999998,0.06331666666666667,-9.573446273803711,0.010795118287205696,0.17458310723304749
5899.0,0.01908784545958042,0.0190635547041893,0.018259625881910324,0.026797648519277573,3.061343159060925e-05,0.0002632213872857392,0.0002660508034750819,1.3867924053556635e-06,0.0008832054445520043,-0.017883338034152985,0.011928630992770195,-0.000402360747102648,0.007034901529550552,59999996.0,-0.0003679400833789259,8.201891013966504e-05,0.19495,0.06498333333333334,-9.572097778320312,0.01068495400249958,0.16918456554412842
5999.0,0.019057100638747215,0.01903465762734413,0.018220610916614532,0.027134884148836136,3.0055278330110013e-05,0.00022820729645900428,0.00025774433743208647,1.5888313100731466e-06,0.0008865738636814058,-0.017521031200885773,0.011307131499052048,-0.0005196630954742432,0.006965234410017729,59999996.0,-0.00039289522101171315,8.14503363531616e-05,0.19995,0.06665,-9.574288368225098,0.010177887976169586,0.17403322458267212
6099.0,0.018502552062273026,0.018479671329259872,0.017742101103067398,0.024585692211985588,2.8502099667093717e-05,0.0002319683990208432,0.00024897229741327465,1.5640947594874888e-06,0.0008641051244921982,-0.017841879278421402,0.011124961078166962,-0.0005164339090697467,0.006938084494322538,59999996.0,-0.00037826079642400146,8.087523634194784e-05,0.20495,0.06831666666666668,-9.576034545898438,0.00992816686630249,0.1685689389705658
6199.0,0.0192504171282053,0.019227884709835052,0.018291248008608818,0.03122119978070259,2.8565000320668332e-05,0.00021935142285656184,0.0002421980316285044,1.5070962717800285e-06,0.0008677610312588513,-0.017232900485396385,0.010922828689217567,-0.00041556250653229654,0.006958577316254377,59999996.0,-0.0003851864021271467,8.029375200334623e-05,0.20995,0.06998333333333333,-9.574004173278809,0.009458674117922783,0.14806711673736572
6299.0,0.018006019294261932,0.017983881756663322,0.017231108620762825,0.02509242668747902,2.6980633265338838e-05,0.0002119125856552273,0.0002351781295146793,1.494337425356207e-06,0.0008438920485787094,-0.018074003979563713,0.011144513264298439,-0.00042110419599339366,0.006984971463680267,59999996.0,-0.00036915260716341436,7.970602680991627e-05,0.21495,0.07165,-9.580283164978027,0.010471580550074577,0.17289568483829498
6399.0,0.018157700076699257,0.018137210980057716,0.017455706372857094,0.022716805338859558,2.603119173727464e-05,0.00018633133731782436,0.0002303947403561324,1.5824687125132186e-06,0.0007928150589577854,-0.017576849088072777,0.011978992260992527,-0.00045239905011840165,0.00691963592544198,59999996.0,-0.0003798344696406275,7.911220577405522e-05,0.21994999999999998,0.07331666666666667,-9.579793930053711,0.00965375080704689,0.15932060778141022
6499.0,0.018960796296596527,0.018936043605208397,0.01807411015033722,0.02873114123940468,2.514533480280079e-05,0.00024033417867030948,0.00022767874179407954,1.6088018810478388e-06,0.0007671603234484792,-0.018276123329997063,0.011005274951457977,-0.00042022409616038203,0.006941343192011118,59999996.0,-0.0003737222286872566,7.851243541221801e-05,0.22495,0.07498333333333333,-9.582466125488281,0.00944974273443222,0.1549440622329712
6599.0,0.01877756603062153,0.01875348947942257,0.018009155988693237,0.02481110207736492,2.5483930585323833e-05,0.00022379308938980103,0.00022105243988335133,1.6879805571079487e-06,0.0007585285347886384,-0.01908833347260952,0.010258039459586143,-0.0004346029309090227,0.006882228888571262,59999996.0,-0.0003622238873504102,7.7906863708767e-05,0.22995,0.07665,-9.578726768493652,0.009360660798847675,0.14876289665699005
6699.0,0.017889613285660744,0.01786925457417965,0.017076579853892326,0.02642248570919037,2.500190385035239e-05,0.00017148343613371253,0.00021610697149299085,1.7514009869046276e-06,0.0007504604873247445,-0.01782655157148838,0.011259201914072037,-0.0006004227325320244,0.00690022436901927,59999996.0,-0.00038272514939308167,7.729564007945859e-05,0.23495,0.07831666666666667,-9.581554412841797,0.009252349846065044,0.14338843524456024
6799.0,0.01919185370206833,0.019170043990015984,0.018403634428977966,0.025546975433826447,2.4628116079838946e-05,0.0001854477304732427,0.00020934882923029363,1.794262516341405e-06,0.000769436766859144,-0.018134156242012978,0.010990908369421959,-0.0005305372178554535,0.006811386439949274,59999996.0,-0.00038360178587026894,7.667891533457737e-05,0.23994999999999997,0.07998333333333334,-9.582757949829102,0.00966673530638218,0.1711599975824356
6899.0,0.01925058849155903,0.019229194149374962,0.018378984183073044,0.028340337797999382,2.4642155040055513e-05,0.00017530182958580554,0.0002077204844681546,1.8491390392227913e-06,0.000742993492167443,-0.01841917261481285,0.010118290781974792,-0.0005912718479521573,0.006854373030364513,59999996.0,-0.00037009312654845417,7.605684164172603e-05,0.24495,0.08165,-9.585868835449219,0.009923449717462063,0.1796261966228485
6999.0,0.018496423959732056,0.01847526617348194,0.01774473860859871,0.024350911378860474,2.3483695258619264e-05,0.0001712473458610475,0.0002014988858718425,1.8377450032858178e-06,0.0007283771992661059,-0.01927117258310318,0.010541141033172607,-0.0006176617462188005,0.006886741146445274,59999996.0,-0.00038036482874304056,7.542957248827982e-05,0.24995,0.08331666666666668,-9.58305549621582,0.009052298031747341,0.1476360559463501
7099.0,0.01898042857646942,0.018958380445837975,0.018134601414203644,0.02745932713150978,2.3055596102494746e-05,0.0001785569911589846,0.0002025876601692289,1.8911949837274733e-06,0.0006966303917579353,-0.018708720803260803,0.010591063648462296,-0.0005383415264077485,0.006844672374427319,59999996.0,-0.00036867507151328027,7.479726264351639e-05,0.25495,0.08498333333333334,-9.583695411682129,0.009392079897224903,0.17030395567417145
7199.0,0.019590970128774643,0.019570549950003624,0.01880009099841118,0.025681938976049423,2.1943058527540416e-05,0.00015860702842473984,0.00019768279162235558,1.6160233826667536e-06,0.0006958123412914574,-0.017617307603359222,0.010046429932117462,-0.0003220430517103523,0.006815943401306868,59999996.0,-0.0003566117084119469,7.416006812042846e-05,0.25995,0.08665,-9.584992408752441,0.00947863794863224,0.15313632786273956
7299.0,0.018527574837207794,0.018506133928894997,0.017616767436265945,0.02964555099606514,2.1642246792907827e-05,0.00016648962628096342,0.00018766829452943057,1.802313363441499e-06,0.0007268090848810971,-0.018994860351085663,0.010663848370313644,-0.0005424144328571856,0.00685787433758378,59999996.0,-0.00036194940912537277,7.351814613723007e-05,0.26494999999999996,0.08831666666666667,-9.59420108795166,0.010960165411233902,0.18178024888038635
7399.0,0.01918230950832367,0.019162379205226898,0.018460826948285103,0.02338508330285549,2.13350540434476e-05,0.00014697817096021026,0.00018226029351353645,1.7916747765411856e-06,0.0006744874990545213,-0.01904882863163948,0.011110400781035423,-0.0003713882470037788,0.006774161942303181,59999996.0,-0.00036348585854284465,7.287165507856531e-05,0.26995,0.08998333333333335,-9.589471817016602,0.00952640175819397,0.15464885532855988
7499.0,0.01874586008489132,0.01872691698372364,0.017826732248067856,0.030006155371665955,2.024132299993653e-05,0.00013587408466264606,0.0001864367804955691,1.8897244444815442e-06,0.000642618106212467,-0.018240755423903465,0.010153908282518387,-0.0004281865549273789,0.006747652310878038,59999996.0,-0.00034830145887099206,7.222075445642923e-05,0.27494999999999997,0.09165000000000001,-9.595380783081055,0.010541612282395363,0.18529009819030762
7599.0,0.019080759957432747,0.01906042918562889,0.018414191901683807,0.021541263908147812,2.0465979105210863e-05,0.00014648810611106455,0.00017564049630891532,2.003507688641548e-06,0.0006547222728841007,-0.018742989748716354,0.011033043265342712,-0.0005897710798308253,0.006818215362727642,59999996.0,-0.000366038380889222,7.156560487081061e-05,0.27995,0.09331666666666667,-9.591557502746582,0.009408834390342236,0.15835367143154144
7699.0,0.018297387287020683,0.018274357542395592,0.017601031810045242,0.02244420349597931,2.0117819076403975e-05,0.00017261868924833834,0.0001728953793644905,1.8846337752620457e-06,0.0006324962014332414,-0.018113162368535995,0.010612345300614834,-0.0004587037255987525,0.006768917664885521,59999996.0,-0.00035686176852323115,7.090636797006673e-05,0.28495,0.09498333333333334,-9.588356018066406,0.009036262519657612,0.1525709629058838
7799.0,0.01914093643426895,0.01912006363272667,0.01824670284986496,0.02911205217242241,1.9730532585526817e-05,0.0001472734729759395,0.00016552157467231154,2.0824975308642024e-06,0.0006478300201706588,-0.017601191997528076,0.011023725382983685,-0.0006193251465447247,0.006728938780725002,59999996.0,-0.0003704091359395534,7.024320641103861e-05,0.28995,0.09665000000000001,-9.59434700012207,0.009533733129501343,0.1675896942615509
7899.0,0.018231937661767006,0.018212705850601196,0.01735822856426239,0.028482606634497643,1.8247517800773494e-05,0.00013171922182664275,0.0001640297705307603,2.1807577468280215e-06,0.0006251493468880653,-0.017863821238279343,0.009889869019389153,-0.0005911985645070672,0.006750931963324547,59999996.0,-0.00037464415072463453,6.957628381891763e-05,0.29495,0.09831666666666666,-9.59946346282959,0.010347985662519932,0.1770809143781662
7999.0,0.018606800585985184,0.01858571730554104,0.017812170088291168,0.025784894824028015,1.8225335224997252e-05,0.00014738892787136137,0.0001623977441340685,1.9165995581715833e-06,0.0006222749361768365,-0.01834798976778984,0.010091358795762062,-0.0004340431187301874,0.006754487752914429,59999996.0,-0.00034962844802066684,6.890576474687392e-05,0.29995,0.09998333333333334,-9.591238021850586,0.008795155212283134,0.14542844891548157
8099.0,0.018787769600749016,0.018767042085528374,0.017946025356650352,0.027367234230041504,1.9257386156823486e-05,0.00014045470743440092,0.0001611707848496735,2.1573555386567023e-06,0.000633730785921216,-0.01837686263024807,0.009777376428246498,-0.0006329261814244092,0.006763220299035311,59999996.0,-0.0003659502835944295,6.823181463545536e-05,0.3,0.1,-9.596863746643066,0.009728475473821163,0.16805274784564972
8199.0,0.019410649314522743,0.01938939280807972,0.01862039975821972,0.02563312277197838,1.8607908714329824e-05,0.00014820933574810624,0.00016539526404812932,2.0421325643837918e-06,0.0005841497331857681,-0.01809406466782093,0.010479584336280823,-0.0005838273209519684,0.006772828288376331,59999996.0,-0.00036469788756221533,6.755459977176727e-05,0.3,0.1,-9.597881317138672,0.01046293880790472,0.1831769496202469
8299.0,0.018790394067764282,0.018770983442664146,0.01805906370282173,0.02373066358268261,1.889747363748029e-05,0.00012883692397736013,0.00015773178893141448,2.0282714103814214e-06,0.0005975070525892079,-0.01845056191086769,0.01027441956102848,-0.000571145152207464,0.006760242395102978,59999996.0,-0.00035107909934595227,6.687428724844406e-05,0.3,0.1,-9.599187850952148,0.010641312226653099,0.17813965678215027
8399.0,0.018501268699765205,0.018479367718100548,0.017704511061310768,0.02582857757806778,2.0235913325450383e-05,0.00014967696915846318,0.00015428473125211895,1.936769649546477e-06,0.0006106096552684903,-0.018317559733986855,0.010345278307795525,-0.000523765163961798,0.006760016083717346,59999996.0,-0.00035143032437190413,6.619104492242097e-05,0.3,0.1,-9.595438003540039,0.009035403840243816,0.15115129947662354
8499.0,0.019485441967844963,0.019467368721961975,0.01848931983113289,0.032601602375507355,1.7040874809026718e-05,0.00012137362500652671,0.00014996720710769296,2.0825423234782647e-06,0.0005678795860148966,-0.019232794642448425,0.010571099817752838,-0.0005460430984385312,0.006744050420820713,59999996.0,-0.0003583860816434026,6.55050413735185e-05,0.3,0.1,-9.597875595092773,0.009745963849127293,0.17392787337303162
8599.0,0.01815628632903099,0.018136613070964813,0.017536792904138565,0.019994018599390984,1.704215901554562e-05,0.0001372452243231237,0.00014935509534552693,2.0676993699453305e-06,0.0005828508292324841,-0.018776092678308487,0.010061848908662796,-0.0005530213238671422,0.006742106284946203,59999996.0,-0.00036240590270608664,6.481644586284743e-05,0.3,0.1,-9.59853744506836,0.009145727381110191,0.14986902475357056
8699.0,0.019155099987983704,0.019136831164360046,0.018183907493948936,0.03176410496234894,1.8628485122462735e-05,0.00011834401811938733,0.0001546851999592036,1.861821488091664e-06,0.0005975481471978128,-0.018494801595807076,0.00956755131483078,-0.00045945352758280933,0.00680585065856576,59999996.0,-0.0003522483166307211,6.41254282910463e-05,0.3,0.1,-9.594572067260742,0.00899804849177599,0.1458342969417572
8799.0,0.018495867028832436,0.018475763499736786,0.017856286838650703,0.02064923383295536,1.909945422085002e-05,0.00013551524898502976,0.00014831195585429668,1.9487986264721258e-06,0.0005772805889137089,-0.018668662756681442,0.010093418881297112,-0.0005540518905036151,0.006775078363716602,59999996.0,-0.0003586976963561028,6.343215915636114e-05,0.3,0.1,-9.59934139251709,0.009983597323298454,0.16530415415763855
8899.0,0.01910417713224888,0.01908632181584835,0.01822892762720585,0.028579778969287872,1.7932168702827767e-05,0.0001166098372777924,0.00014834321336820722,1.939089997904375e-06,0.0005692506092600524,-0.019477954134345055,0.00969504751265049,-0.000525016279425472,0.00680871307849884,59999996.0,-0.00036902312422171235,6.273680951257725e-05,0.3,0.1,-9.598029136657715,0.009561081416904926,0.16567817330360413
8999.0,0.019029458984732628,0.019008290022611618,0.018302273005247116,0.023533914238214493,1.609137689229101e-05,0.00015572334814351052,0.00014165289758238941,1.7811096313380403e-06,0.0005389495636336505,-0.01900348626077175,0.009945640340447426,-0.0004317703715059906,0.006823841016739607,59999996.0,-0.00034199494984932244,6.203955092681447e-05,0.3,0.1,-9.597820281982422,0.009772736579179764,0.1702672839164734
9099.0,0.01861279271543026,0.018595492467284203,0.017782242968678474,0.027108289301395416,1.714962490950711e-05,0.00011350952263455838,0.00014519177784677595,2.0397269508976024e-06,0.0005565459723584354,-0.020471658557653427,0.010204607620835304,-0.0005795470788143575,0.0067710536532104015,59999996.0,-0.00036214894498698413,6.134055543719563e-05,0.3,0.1,-9.59807300567627,0.009327405132353306,0.14438387751579285
9199.0,0.018587026745080948,0.01856953091919422,0.01774229109287262,0.027574662119150162,1.6871777916094288e-05,0.0001166921210824512,0.00013894026051275432,1.970684934349265e-06,0.0005268996465019882,-0.017528653144836426,0.010293342173099518,-0.0005543419974856079,0.006788664497435093,59999996.0,-0.0003650099388323724,6.0639995510398136e-05,0.3,0.1,-9.60088062286377,0.009650049731135368,0.16253414750099182
9299.0,0.01782985031604767,0.01781058870255947,0.01727980747818947,0.017692681401968002,1.6826093997224234e-05,0.00013453600695356727,0.00014035525964573026,1.8607205447551678e-06,0.0005262648337520659,-0.019053665921092033,0.010133130475878716,-0.0005073178908787668,0.006817428860813379,59999996.0,-0.00035663513699546456,5.993804399910145e-05,0.3,0.1,-9.597020149230957,0.009384900331497192,0.15880507230758667
9399.0,0.018721867352724075,0.018704088404774666,0.017842980101704597,0.028703628107905388,1.680871173448395e-05,0.00011963929136982188,0.00013398908777162433,1.804129851734615e-06,0.000548945739865303,-0.01984528824687004,0.009894711896777153,-0.0005067525198683143,0.006816974375396967,59999996.0,-0.0003506298235151917,5.923487409933748e-05,0.3,0.1,-9.602203369140625,0.010100854560732841,0.1742023527622223
9499.0,0.01856822893023491,0.018550962209701538,0.017738237977027893,0.02709081582725048,1.62115138664376e-05,0.00011638652358669788,0.00013667040911968797,1.7847286244432325e-06,0.0005393251194618642,-0.018810119479894638,0.009945346042513847,-0.0004777506401296705,0.0068130516447126865,59999996.0,-0.00035634677624329925,5.8530659307757264e-05,0.3,0.1,-9.602056503295898,0.010596680454909801,0.1846533864736557
9599.0,0.019204221665859222,0.01918802782893181,0.01824692264199257,0.03137015551328659,1.6720576240913942e-05,0.00010431691771373153,0.00013257056707516313,1.7955139810510445e-06,0.0005256167496554554,-0.018285775557160378,0.010073169134557247,-0.0004862573987338692,0.006808142643421888,59999996.0,-0.0003480318991933018,5.782557337882329e-05,0.3,0.1,-9.598587036132812,0.009552999399602413,0.1593831330537796
9699.0,0.018572451546788216,0.018554413691163063,0.01771237701177597,0.028067898005247116,1.699794847809244e-05,0.00012182022328488529,0.0001327115169260651,1.8023192751570605e-06,0.0005337377078831196,-0.019120214506983757,0.009861058555543423,-0.0005078843678347766,0.0068560098297894,59999996.0,-0.0003609985869843513,5.711979028193804e-05,0.3,0.1,-9.601299285888672,0.010088182985782623,0.15495818853378296
9799.0,0.0188247449696064,0.018809041008353233,0.01784634217619896,0.03208994120359421,1.5898458514129743e-05,0.00010180183744523674,0.00013328820932656527,1.8204962088930188e-06,0.0005287815583869815,-0.01926947571337223,0.009623103775084019,-0.0005932054482400417,0.006864453200250864,59999996.0,-0.0003569764376152307,5.6413484158519865e-05,0.3,0.1,-9.600266456604004,0.0102227246388793,0.16453512012958527
9899.0,0.018983416259288788,0.018967265263199806,0.018165789544582367,0.026715829968452454,1.5335434000007808e-05,0.00010805988858919591,0.00012659243657253683,1.9024558923774748e-06,0.0005240204627625644,-0.019480537623167038,0.009940346702933311,-0.0006020509172230959,0.006860221270471811,59999996.0,-0.00035416323225945234,5.5706829279035976e-05,0.3,0.1,-9.602706909179688,0.010599642992019653,0.17940962314605713
9999.0,0.01856025867164135,0.018545174971222878,0.017703242599964142,0.028064437210559845,1.530170629848726e-05,9.758382657309994e-05,0.00012893549865111709,1.6374973483834765e-06,0.0005237076547928154,-0.018755747005343437,0.009607803076505661,-0.00039895912050269544,0.006880079861730337,59999996.0,-0.00033525313483551145,5.5000000000003986e-05,0.3,0.1,-9.603570938110352,0.01053634099662304,0.17852425575256348
10099.0,0.01940656639635563,0.019387558102607727,0.018616365268826485,0.02570643089711666,1.4769142580917105e-05,0.0001386302465107292,0.00012659259664360434,1.606361706762982e-06,0.0005061121773906052,-0.01798785850405693,0.01006510853767395,-0.0004292505618650466,0.006866322830319405,59999996.0,-0.0003393114311620593,5.429317072097197e-05,0.3,0.1,-9.601468086242676,0.010886607691645622,0.18096452951431274
10199.0,0.018561266362667084,0.018543729558587074,0.01767810806632042,0.02885405533015728,1.510438960394822e-05,0.0001230682828463614,0.0001232873764820397,1.6487053926539375e-06,0.0004932444426231086,-0.019142545759677887,0.009793294593691826,-0.0004688991466537118,0.0069063035771250725,59999996.0,-0.0003462453605607152,5.358651584148808e-05,0.3,0.1,-9.60152816772461,0.010342225432395935,0.1613604575395584
10299.0,0.01833439990878105,0.018316028639674187,0.017599672079086304,0.023878535255789757,1.478284684708342e-05,0.00013231326011009514,0.000126334693050012,1.5877234318395494e-06,0.0004978464567102492,-0.018846729770302773,0.009652413427829742,-0.00047713497770018876,0.006886160932481289,59999996.0,-0.0003522234910633415,5.2880209718069844e-05,0.3,0.1,-9.597737312316895,0.010296715423464775,0.16862958669662476
10399.0,0.018726501613855362,0.01871126890182495,0.01792960613965988,0.02605545148253441,1.5038292985991575e-05,0.0001000353877316229,0.00012750958558171988,1.7383454178343527e-06,0.0005024443962611258,-0.018874771893024445,0.010392820462584496,-0.0005543632432818413,0.006870206445455551,59999996.0,-0.0003582860226742923,5.217442662118461e-05,0.3,0.1,-9.59860897064209,0.010008935816586018,0.15288300812244415
10499.0,0.018466977402567863,0.01845199055969715,0.017710980027914047,0.024700341746211052,1.423147023160709e-05,0.00010025384835898876,0.00011825159890577197,1.6077103737188736e-06,0.0004951310693286359,-0.018668126314878464,0.009859789162874222,-0.00044762363540939987,0.006860516499727964,59999996.0,-0.00034238482476212084,5.146934069225063e-05,0.3,0.1,-9.60296630859375,0.011095001362264156,0.1803724616765976
10599.0,0.01856698840856552,0.018551385030150414,0.01779337227344513,0.025267070159316063,1.4886913049849682e-05,0.00010435032163513824,0.0001234721130458638,1.5686508731960203e-06,0.0005005637067370117,-0.018689434975385666,0.0099224504083395,-0.0005022531258873641,0.00690385652706027,59999996.0,-0.00033839952084235847,5.076512590067036e-05,0.3,0.1,-9.598511695861816,0.010500078089535236,0.1571466624736786
10699.0,0.019088326022028923,0.0190740879625082,0.018292641267180443,0.026048235595226288,1.3486745956470259e-05,9.498532017460093e-05,0.00011957756214542314,1.6144392702699406e-06,0.0004948277492076159,-0.018275678157806396,0.009484715759754181,-0.0005179511499591172,0.0069099185056984425,59999996.0,-0.00034235138446092606,5.006195600090643e-05,0.3,0.1,-9.597615242004395,0.010285747237503529,0.1525534689426422
10799.0,0.018976109102368355,0.018957573920488358,0.018255725502967834,0.02339492365717888,1.4189172361511737e-05,0.00013576382480096072,0.0001212236238643527,1.5723107935627922e-06,0.0005025796126574278,-0.01856364868581295,0.010073916986584663,-0.0004517915367614478,0.006910980679094791,59999996.0,-0.00034653989132493734,4.936000448960972e-05,0.3,0.1,-9.60008430480957,0.011418464593589306,0.18702132999897003
10899.0,0.018457675352692604,0.018440941348671913,0.017723532393574715,0.023913603276014328,1.6196670912904665e-05,0.000111658257083036,0.00011687549704220146,1.5925373872960336e-06,0.000509526813402772,-0.019111523404717445,0.009787727147340775,-0.0005244271014817059,0.006935144774615765,59999996.0,-0.000344677158864215,4.8659444562812117e-05,0.3,0.1,-9.600221633911133,0.011207401752471924,0.18418149650096893
10999.0,0.018169835209846497,0.018152495846152306,0.017413418740034103,0.0246359184384346,1.3964203390059993e-05,0.00012465041072573513,0.00011831248411908746,1.5872172980380128e-06,0.00048661595792509615,-0.018250036984682083,0.010054556652903557,-0.0005123938899487257,0.006924413610249758,59999996.0,-0.0003374198277015239,4.7960449073192906e-05,0.3,0.1,-9.596349716186523,0.011185169219970703,0.1769818365573883
11099.0,0.018157463520765305,0.01814088597893715,0.01740032620728016,0.024685349315404892,1.5400157280964777e-05,0.00011245421774219722,0.00011805656686192378,1.547503757137747e-06,0.0005177967832423747,-0.018092354759573936,0.009860639460384846,-0.0005097698303870857,0.006936218123883009,59999996.0,-0.00034420794690959156,4.726319048742981e-05,0.3,0.1,-9.594735145568848,0.010927075520157814,0.1546538770198822
11199.0,0.01836310885846615,0.018347354605793953,0.017722468823194504,0.02082950621843338,1.3496915926225483e-05,0.0001101615052903071,0.00011791142605943605,1.5570470850434504e-06,0.0004927021800540388,-0.01764664426445961,0.00968268420547247,-0.0005531266215257347,0.006923477631062269,59999996.0,-0.0003553427231963724,4.656784084364558e-05,0.3,0.1,-9.596002578735352,0.011694474145770073,0.1858755648136139
11299.0,0.018978876993060112,0.018963422626256943,0.018295101821422577,0.022277388721704483,1.4661960449302569e-05,0.00010380292951595038,0.00011716748122125864,1.353322886643582e-06,0.0004913677694275975,-0.018510879948735237,0.009728511795401573,-0.0004457666364032775,0.007012862712144852,59999996.0,-0.0003433541569393128,4.587457170896009e-05,0.3,0.1,-9.594286918640137,0.011506699956953526,0.1647637039422989
11399.0,0.019063400104641914,0.01904880627989769,0.018359916284680367,0.02296297997236252,1.3419939023151528e-05,9.881340520223603e-05,0.00011637250281637534,1.4360574596139486e-06,0.0004995142226107419,-0.0184679813683033,0.01018061488866806,-0.000508120225276798,0.0069869281724095345,59999996.0,-0.000349349167663604,4.51835541371587e-05,0.3,0.1,-9.596601486206055,0.012827623635530472,0.19212272763252258
11499.0,0.01830093190073967,0.018285896629095078,0.017536617815494537,0.024975959211587906,1.3912798749515787e-05,0.00010159039811696857,0.0001177997182821855,1.4307919400380342e-06,0.0005138065316714346,-0.017633900046348572,0.009617047384381294,-0.0004977767821401358,0.006988054607063532,59999996.0,-0.0003558046300895512,4.4494958626487305e-05,0.3,0.1,-9.588894844055176,0.01157382968813181,0.16299974918365479
11599.0,0.018501510843634605,0.01848681829869747,0.01769440807402134,0.026413654908537865,1.3470591511577368e-05,9.954583219951019e-05,0.00011615681432886049,1.3684698387805838e-06,0.0005114002851769328,-0.018015949055552483,0.010345865972340107,-0.0004917581100016832,0.007019215263426304,59999996.0,-0.00034286355366930366,4.380895507758448e-05,0.3,0.1,-9.591012001037598,0.012333075515925884,0.19023403525352478
11699.0,0.018867503851652145,0.018850043416023254,0.018172595649957657,0.02258157543838024,1.3934414710092824e-05,0.00012568611418828368,0.00012035737745463848,1.2477222526285914e-06,0.000528321135789156,-0.01746436208486557,0.010418994352221489,-0.0004508814599830657,0.0070726689882576466,59999996.0,-0.00033761595841497183,4.31257127515611e-05,0.3,0.1,-9.587136268615723,0.01242749486118555,0.19425956904888153
11799.0,0.018187345936894417,0.018171202391386032,0.017498834058642387,0.022412288933992386,1.38841296575265e-05,0.00011243053450016305,0.00012252326996531337,1.2125910870963708e-06,0.0005513607757166028,-0.01785902865231037,0.01091497577726841,-0.0003800803970079869,0.0070722587406635284,59999996.0,-0.00033778700162656605,4.244540022823747e-05,0.3,0.1,-9.586020469665527,0.013058868236839771,0.2068966031074524
11899.0,0.017748039215803146,0.01773041859269142,0.017072539776563644,0.021929267793893814,1.5387147868750617e-05,0.00012242636876180768,0.0001248592889169231,1.1579122656257823e-06,0.0005785708199255168,-0.01723054237663746,0.009990579448640347,-0.0003964939387515187,0.007054048124700785,59999996.0,-0.0003431688528507948,4.1768185364549065e-05,0.3,0.1,-9.579133033752441,0.012293224222958088,0.19817101955413818
11999.0,0.01816570572555065,0.01814861409366131,0.01736070029437542,0.026263779029250145,1.423416324541904e-05,0.00012074931873939931,0.00013094877067487687,1.0540250059420941e-06,0.0005631253006868064,-0.018121248111128807,0.009795470163226128,-0.0004249964840710163,0.007198189850896597,59999996.0,-0.00034903231426142156,4.109423525313008e-05,0.3,0.1,-9.57414722442627,0.013134278357028961,0.20546448230743408
12099.0,0.01852312870323658,0.018503867089748383,0.017671583220362663,0.02774280309677124,1.5642743164789863e-05,0.00013774784747511148,0.0001384593197144568,9.528256441626581e-07,0.0006082038162276149,-0.017418373376131058,0.010044433176517487,-0.00037929401150904596,0.007240145932883024,59999996.0,-0.0003529922687448561,4.042371618108598e-05,0.3,0.1,-9.564285278320312,0.013924011029303074,0.19174456596374512
12199.0,0.01847485825419426,0.018454670906066895,0.017787624150514603,0.02223486267030239,1.623027492314577e-05,0.00014508918684441596,0.0001472464355174452,7.776351935717685e-07,0.0006233727908693254,-0.016938474029302597,0.009819669649004936,-0.000318660750053823,0.007307237014174461,59999996.0,-0.00034254189813509583,3.975679358896469e-05,0.3,0.1,-9.552830696105957,0.014005175791680813,0.18748918175697327
12299.0,0.018346110358834267,0.018318908289074898,0.017370298504829407,0.0316203236579895,1.7981918063014746e-05,0.00020864454563707113,0.00015620717022102326,7.085586162247637e-07,0.0007499322528019547,-0.01731141470372677,0.009977294132113457,-0.0003028196806553751,0.007343187462538481,59999996.0,-0.0003507041255943477,3.909363202993632e-05,0.3,0.1,-9.54107666015625,0.014666510745882988,0.2037775218486786
12399.0,0.018688540905714035,0.018661849200725555,0.017991552129387856,0.02234325371682644,1.937391425599344e-05,0.0001991501630982384,0.00017737223242875189,7.172575351432897e-07,0.0007526239496655762,-0.016609279438853264,0.010217837058007717,-0.0003887649218086153,0.007392854429781437,59999996.0,-0.00037227661232464015,3.843439512919247e-05,0.3,0.1,-9.528178215026855,0.016926199197769165,0.19491085410118103
12499.0,0.018759779632091522,0.018727313727140427,0.017973311245441437,0.025133386254310608,2.2730138880433515e-05,0.0002459710231050849,0.00020673083781730384,6.849481337667385e-07,0.0008109395275823772,-0.017109131440520287,0.010423678904771805,-0.00043354995432309806,0.007457280065864325,59999996.0,-0.00037534875445999205,3.7779245543574045e-05,0.3,0.1,-9.514095306396484,0.017891775816679,0.2365667223930359
12599.0,0.018022624775767326,0.017985297366976738,0.01723647490143776,0.024960756301879883,2.6044566766358912e-05,0.0002830372250173241,0.00024447214673273265,7.037555747047008e-07,0.0009313921327702701,-0.018232597038149834,0.010484963655471802,-0.00044729618821293116,0.007443332578986883,59999996.0,-0.00039335800101980567,3.7128344921438085e-05,0.3,0.1,-9.497407913208008,0.021119507029652596,0.2887219190597534
12699.0,0.018220750615000725,0.018177343532443047,0.017443133518099785,0.02447364293038845,3.044105505978223e-05,0.0003282931284047663,0.00028990546707063913,6.58016404031514e-07,0.001122010638937354,-0.018509874120354652,0.01005322951823473,-0.00035336564178578556,0.007419690955430269,59999996.0,-0.0003889964718837291,3.648185386277341e-05,0.3,0.1,-9.471087455749512,0.02290733903646469,0.32367923855781555
12799.0,0.01830429956316948,0.018250687047839165,0.01758197508752346,0.02229040116071701,3.868373460136354e-05,0.00040194482426159084,0.00035182895953767,7.516842970289872e-07,0.0014250543899834156,-0.01891285926103592,0.010087446309626102,-0.00037244221311993897,0.007333145476877689,59999996.0,-0.0004391852125991136,3.5839931879575133e-05,0.3,0.1,-9.443649291992188,0.028883876278996468,0.3736386299133301
12899.0,0.018830139189958572,0.01876913569867611,0.0178791806101799,0.029665160924196243,4.485058889258653e-05,0.00045476009836420417,0.0004189934697933495,8.858896762831137e-07,0.001607083366252482,-0.01888374052941799,0.010481880977749825,-0.0003735132049769163,0.007246335968375206,59999996.0,-0.00047484933747909963,3.520273735648729e-05,0.3,0.1,-9.407662391662598,0.032724399119615555,0.36408331990242004
12999.0,0.0187675841152668,0.01871102675795555,0.01782616414129734,0.029495425522327423,4.775371780851856e-05,0.0004030348500236869,0.00047974937479011714,9.912687346513849e-07,0.0013969257706776261,-0.020004048943519592,0.009479871019721031,-0.0004331463132984936,0.007206897251307964,59999996.0,-0.000517769658472389,3.457042751172391e-05,0.3,0.1,-9.38406753540039,0.0376039519906044,0.4411401152610779
13099.0,0.01864757016301155,0.01858043111860752,0.017856493592262268,0.024131234735250473,5.847337160957977e-05,0.00047130975872278214,0.000519408262334764,9.88676674751332e-07,0.0018967523938044906,-0.019442666321992874,0.009580881334841251,-0.00036226247902959585,0.00719071552157402,59999996.0,-0.0005140172434039414,3.394315835827777e-05,0.3,0.1,-9.360109329223633,0.03548918664455414,0.43153733015060425
13199.0,0.018459303304553032,0.018398284912109375,0.017840860411524773,0.018580786883831024,5.772486838395707e-05,0.00041472510201856494,0.0005823040846735239,1.2012467323074816e-06,0.001587093691341579,-0.019952284172177315,0.011241193860769272,-0.00046408516936935484,0.007107551675289869,59999996.0,-0.0005652637919411063,3.332108466542645e-05,0.3,0.1,-9.328104972839355,0.038868386298418045,0.4312492311000824
13299.0,0.018687186762690544,0.0186238344758749,0.017766118049621582,0.02859055995941162,6.35849719401449e-05,0.00042065291199833155,0.0006199005292728543,1.1380057003407273e-06,0.0015333060873672366,-0.020972756668925285,0.009526388719677925,-0.00042580344597809017,0.007149132434278727,59999996.0,-0.0005720716435462236,3.2704359920545364e-05,0.3,0.1,-9.32624340057373,0.042088162153959274,0.4711082875728607
13399.0,0.018495220690965652,0.018428103998303413,0.01765437237918377,0.025791063904762268,7.043772347969934e-05,0.000432511733379215,0.0006753305206075311,1.1307095064694295e-06,0.0020019272342324257,-0.020770089700818062,0.009945877827703953,-0.00043694121995940804,0.007102150470018387,59999996.0,-0.0005800636135973036,3.209313629123706e-05,0.3,0.1,-9.312206268310547,0.045464012771844864,0.5507747530937195
13499.0,0.018070774152874947,0.01800888404250145,0.017173931002616882,0.02783176675438881,6.243922689463943e-05,0.00040684881969355047,0.0006334037752822042,1.1763158909161575e-06,0.0017793196020647883,-0.020551759749650955,0.010265959426760674,-0.0005128805642016232,0.007133616134524345,59999996.0,-0.0006165815866552293,3.148756458778616e-05,0.3,0.1,-9.299898147583008,0.04824047163128853,0.5046825408935547
13599.0,0.018296347931027412,0.0182307418435812,0.01734410971403122,0.02955443225800991,6.836210377514362e-05,0.00042401865357533097,0.0006811934872530401,1.1451618320279522e-06,0.001958054956048727,-0.02121804468333721,0.009572192095220089,-0.0005124133313074708,0.007150833494961262,59999996.0,-0.0006349936011247337,3.0887794225949064e-05,0.3,0.1,-9.28707218170166,0.04823971912264824,0.5094068050384521
13699.0,0.01835695095360279,0.018286148086190224,0.017605144530534744,0.022700097411870956,7.488037226721644e-05,0.00045409006997942924,0.0007300474098883569,1.138879383688618e-06,0.0021413867361843586,-0.021202070638537407,0.009627396240830421,-0.0004811982507817447,0.007180334534496069,59999996.0,-0.0006617769249714911,3.029397319008805e-05,0.3,0.1,-9.253593444824219,0.0468059703707695,0.44640401005744934
13799.0,0.018220359459519386,0.01815677061676979,0.017451802268624306,0.02349894866347313,7.059791823849082e-05,0.0003986475639976561,0.0007402586052194238,1.0065973583550658e-06,0.0017548472387716174,-0.021990744397044182,0.010447767563164234,-0.00044091962627135217,0.007246555294841528,59999996.0,-0.0006513310363516212,2.970624799665816e-05,0.3,0.1,-9.251285552978516,0.045449528843164444,0.47901493310928345
13899.0,0.018297391012310982,0.018230782821774483,0.01746394857764244,0.025561166927218437,7.626361184520647e-05,0.0004109070578124374,0.0007595237111672759,9.842254939940176e-07,0.0018318567890673876,-0.02104608528316021,0.009310156106948853,-0.0004100356309209019,0.007227150723338127,59999996.0,-0.0006868727505207062,2.9124763658056558e-05,0.3,0.1,-9.248952865600586,0.04773630574345589,0.5210519433021545
13999.0,0.018479524180293083,0.01841519959270954,0.01758662424981594,0.027619153261184692,7.648608880117536e-05,0.00038614816730841994,0.0007705145981162786,9.712393875815906e-07,0.0019449593964964151,-0.021812355145812035,0.010148318484425545,-0.0004300597356632352,0.007224425673484802,59999996.0,-0.0006868583732284606,2.854966364684285e-05,0.3,0.1,-9.260270118713379,0.05418979749083519,0.6018986701965332
14099.0,0.018368395045399666,0.018303679302334785,0.017533082515001297,0.02568657323718071,7.236843521241099e-05,0.0004021900240331888,0.000707572209648788,9.659997886046767e-07,0.002031113486737013,-0.021534355357289314,0.01041023712605238,-0.0004509050049819052,0.007238509599119425,59999996.0,-0.0006960997125133872,2.7981089860339413e-05,0.3,0.1,-9.230875968933105,0.04893442243337631,0.5350736379623413
14199.0,0.01919577643275261,0.019133226945996284,0.01826564408838749,0.028919436037540436,7.371368701569736e-05,0.0003778239479288459,0.0007736025145277381,9.937746199284447e-07,0.0018305255798622966,-0.02136225253343582,0.009685555472970009,-0.00048721657367423177,0.007264781277626753,59999996.0,-0.000713947752956301,2.7419182585620305e-05,0.3,0.1,-9.23571491241455,0.052893832325935364,0.5827698707580566
14299.0,0.018757378682494164,0.01869121752679348,0.017781762406229973,0.030315164476633072,7.863284554332495e-05,0.00039838976226747036,0.0007813067641109228,8.955057637649588e-07,0.0019072991563007236,-0.02134294994175434,0.010255130007863045,-0.00040218973299488425,0.007225346751511097,59999996.0,-0.0007064450765028596,2.6864080464897514e-05,0.3,0.1,-9.24142837524414,0.05410716310143471,0.5581695437431335
14399.0,0.01818782649934292,0.018112270161509514,0.017366979271173477,0.024843033403158188,8.88798531377688e-05,0.0004578034277074039,0.0007917177863419056,8.955026942203403e-07,0.002276734448969364,-0.021240828558802605,0.010745905339717865,-0.00044196544331498444,0.007248192559927702,59999996.0,-0.0007045321981422603,2.631592046131323e-05,0.3,0.1,-9.238093376159668,0.0558495931327343,0.5831546187400818
14499.0,0.018568679690361023,0.018504424020648003,0.017664223909378052,0.028006676584482193,7.524947432102636e-05,0.0003883012686856091,0.0007601993856951594,9.64772880251985e-07,0.0020407240372151136,-0.021453896537423134,0.009846958331763744,-0.0005151610821485519,0.007265372667461634,59999996.0,-0.0007392074912786484,2.5774837825146067e-05,0.3,0.1,-9.245479583740234,0.060230132192373276,0.6345798373222351
14599.0,0.018362484872341156,0.01830032654106617,0.0174417644739151,0.028618736192584038,7.482964429073036e-05,0.00036913895746693015,0.0007864957442507148,9.431675493942748e-07,0.0019638051744550467,-0.021736709401011467,0.010329199954867363,-0.00041564428829587996,0.007283988408744335,59999996.0,-0.0007257194956764579,2.524096606043998e-05,0.3,0.1,-9.232751846313477,0.05792943388223648,0.5713391304016113
14699.0,0.01882896199822426,0.018759727478027344,0.01788811944425106,0.029053613543510437,8.372619049623609e-05,0.00041305384365841746,0.0008080484694801271,9.123998552240664e-07,0.0019577594939619303,-0.021052177995443344,0.01037746574729681,-0.00048285690718330443,0.00733010470867157,59999996.0,-0.0007529592840000987,2.4714436892064377e-05,0.3,0.1,-9.236371040344238,0.061664652079343796,0.6463449597358704
14799.0,0.01866760477423668,0.018599607050418854,0.017760144546628,0.027982104569673538,8.057994273258373e-05,0.00040551237179897726,0.0007864259532652795,9.465090897720074e-07,0.0024393752682954073,-0.02176579460501671,0.009838433936238289,-0.00048532895743846893,0.007266591303050518,59999996.0,-0.000769494567066431,2.419538023321303e-05,0.3,0.1,-9.209641456604004,0.06063081696629524,0.531144380569458
14899.0,0.01858900487422943,0.01852353662252426,0.017715878784656525,0.02692195028066635,7.860955520300195e-05,0.00038780560134910047,0.0008015497005544603,9.320173148807953e-07,0.0022579815704375505,-0.021851615980267525,0.010721058584749699,-0.0005102574941702187,0.0073259444907307625,59999996.0,-0.0007830316317267716,2.3683924153349783e-05,0.3,0.1,-9.21862506866455,0.06459811329841614,0.6422367691993713
14999.0,0.01880630850791931,0.018737005069851875,0.017992427572607994,0.024819266051054,8.48005511215888e-05,0.0004076749028172344,0.0008238665759563446,9.72849875324755e-07,0.0022233377676457167,-0.021343369036912918,0.010755113326013088,-0.0005894983769394457,0.007322826888412237,59999996.0,-0.0007981848903000355,2.3180194846609155e-05,0.3,0.1,-9.207755088806152,0.06451565772294998,0.5520305037498474
15099.0,0.01880227029323578,0.018740089610219002,0.018071353435516357,0.022291190922260284,7.668288162676618e-05,0.0003617453039623797,0.0008145719184540212,7.914145498943981e-07,0.0021484277676790953,-0.021343667060136795,0.010417495854198933,-0.0004035771999042481,0.007324256002902985,59999996.0,-0.0007619380485266447,2.2684316600660153e-05,0.3,0.1,-9.213918685913086,0.06912022829055786,0.6159823536872864
15199.0,0.01836262084543705,0.018295852467417717,0.017644505947828293,0.0217115581035614,8.134660311043262e-05,0.000393432768760249,0.0008415072225034237,9.2006450813642e-07,0.0021336236968636513,-0.021595025435090065,0.01023875828832388,-0.0005180036532692611,0.007297069765627384,59999996.0,-0.0008126847096718848,2.219641176604e-05,0.3,0.1,-9.231240272521973,0.0712985172867775,0.6814254522323608
15299.0,0.018290789797902107,0.018229929730296135,0.017584703862667084,0.021507499739527702,7.319648284465075e-05,0.0003621146024670452,0.0008296574233099818,8.02954218670493e-07,0.0018201511120423675,-0.022838205099105835,0.010556348599493504,-0.00043988865218125284,0.007333631627261639,59999996.0,-0.0007983124814927578,2.171660072596596e-05,0.3,0.1,-9.208916664123535,0.07071385532617569,0.5554001331329346
15399.0,0.018290767446160316,0.018222659826278687,0.017494257539510727,0.024280069395899773,8.274224092019722e-05,0.0004025614762213081,0.0008408850990235806,8.161711662069138e-07,0.002146912505850196,-0.022202493622899055,0.010300656780600548,-0.00044569853344000876,0.0073641398921608925,59999996.0,-0.0008072854252532125,2.1245001866632578e-05,0.3,0.1,-9.220635414123535,0.07570881396532059,0.6616703271865845
15499.0,0.01743399351835251,0.017366228625178337,0.016644546762108803,0.024056047201156616,8.485579019179568e-05,0.0003925108758267015,0.0009159412002190948,7.500802894355729e-07,0.0021021596621721983,-0.022396251559257507,0.010649857111275196,-0.0003692989412229508,0.007374784909188747,59999996.0,-0.0007950831204652786,2.0781731548001737e-05,0.3,0.1,-9.23323917388916,0.07814542949199677,0.7216076850891113
15599.0,0.0180495735257864,0.017989255487918854,0.017213594168424606,0.02585539221763611,7.258485857164487e-05,0.0003571221313904971,0.0008114133961498737,7.583559522572614e-07,0.0019803442992269993,-0.022403305396437645,0.010566909797489643,-0.00042250598198734224,0.007394806481897831,59999996.0,-0.0008113512303680182,2.032690407509248e-05,0.3,0.1,-9.22442626953125,0.077372245490551,0.7013640403747559
15699.0,0.018746303394436836,0.01868431828916073,0.01785852573812008,0.02752644196152687,7.67732854001224e-05,0.00036133534740656614,0.0008654446573927999,7.139404942790861e-07,0.0019192079780623317,-0.022165557369589806,0.01111411489546299,-0.00040785392047837377,0.007413806393742561,59999996.0,-0.0008206827333196998,1.9880631669778047e-05,0.3,0.1,-9.23547077178955,0.08247105777263641,0.8153430819511414
15799.0,0.018684424459934235,0.01861819624900818,0.017906704917550087,0.02371637523174286,8.329244883498177e-05,0.00038395528099499643,0.000925025378819555,6.57389932712249e-07,0.0018860556883737445,-0.021661197766661644,0.010347672738134861,-0.00033987907227128744,0.007394458632916212,59999996.0,-0.0008192058885470033,1.9443024443096686e-05,0.3,0.1,-9.231059074401855,0.08373114466667175,0.767707109451294
15899.0,0.018703695386648178,0.018637411296367645,0.017895836383104324,0.024719176813960075,8.078967948677018e-05,0.0003908504149876535,0.0009002630831673741,7.050099952721212e-07,0.0020259623415768147,-0.02192024700343609,0.010259345173835754,-0.00041354759014211595,0.007410975638777018,59999996.0,-0.0008287453092634678,1.901419036808355e-05,0.3,0.1,-9.2225341796875,0.08356223255395889,0.7339133620262146
15999.0,0.018556393682956696,0.018484270200133324,0.017613496631383896,0.029025763273239136,8.772946603130549e-05,0.00042774208122864366,0.0009211236611008644,6.834190457993827e-07,0.002074587158858776,-0.02197684533894062,0.010604938492178917,-0.00039231247501447797,0.007420654408633709,59999996.0,-0.0008361759246326983,1.8594235253129882e-05,0.3,0.1,-9.221860885620117,0.08535546809434891,0.7500337362289429
16099.0,0.01801626943051815,0.01794920675456524,0.01716245338320732,0.02622511237859726,8.340767817571759e-05,0.00039100024150684476,0.0009305955609306693,6.278294790718064e-07,0.0019771603401750326,-0.021615387871861458,0.010591973550617695,-0.0003289427259005606,0.007443042937666178,59999996.0,-0.0008120251586660743,1.8183262715876335e-05,0.3,0.1,-9.23588752746582,0.09138639271259308,0.8791978359222412
16199.0,0.018358808010816574,0.018294010311365128,0.017651576548814774,0.02141447179019451,8.096863166429102e-05,0.0003763364802580327,0.0009151992271654308,6.367064884216234e-07,0.0019270079210400581,-0.02319738082587719,0.010478148236870766,-0.0003615625901147723,0.007464701775461435,59999996.0,-0.0008274436113424599,1.7781374157646995e-05,0.3,0.1,-9.20738410949707,0.08962184190750122,0.6510790586471558
16299.0,0.01850387640297413,0.018437135964632034,0.017738699913024902,0.02328120917081833,8.171932131517678e-05,0.00039259291952475905,0.0009209478157572448,5.451619813356956e-07,0.002017481718212366,-0.02135348506271839,0.01174171082675457,-0.00025361613370478153,0.007434232160449028,59999996.0,-0.0008070964831858873,1.738866873842999e-05,0.3,0.1,-9.214231491088867,0.0946241095662117,0.7578688859939575
16399.0,0.01933991350233555,0.01927471160888672,0.018479984253644943,0.026490915566682816,7.758638821542263e-05,0.0003895101835951209,0.0009255078039132059,5.522286983250524e-07,0.002021546009927988,-0.02246355637907982,0.011004558764398098,-0.0002746034588199109,0.007468101568520069,59999996.0,-0.0008218510774895549,1.7005243352411367e-05,0.3,0.1,-9.21433162689209,0.0934600755572319,0.7254902124404907
16499.0,0.018632277846336365,0.018563447520136833,0.01762133277952671,0.0314038023352623,8.091657946351916e-05,0.0004173787892796099,0.0009969491511583328,5.110368306304736e-07,0.00179445487447083,-0.02239241823554039,0.01140053290873766,-0.0002276009472552687,0.007512638345360756,59999996.0,-0.000805476272944361,1.6631192604067783e-05,0.3,0.1,-9.2288236618042,0.09814015030860901,0.8372047543525696
16599.0,0.018631409853696823,0.018553145229816437,0.017787106335163116,0.02553464286029339,9.314858471043408e-05,0.0004695639945566654,0.0010387669317424297,5.21724814461777e-07,0.0022959939669817686,-0.021878669038414955,0.010871250182390213,-0.0002361500810366124,0.007516597863286734,59999996.0,-0.000818725791759789,1.6266608784824354e-05,0.3,0.1,-9.212323188781738,0.09972080588340759,0.7663906216621399
16699.0,0.01856021210551262,0.01848687417805195,0.0176459439098835,0.028030984103679657,8.604581671534106e-05,0.000441480427980423,0.0010042923968285322,4.933240234095138e-07,0.0023469983134418726,-0.02204357273876667,0.01074947975575924,-0.0002831605088431388,0.007521459832787514,59999996.0,-0.0008082404965534806,1.591158185028312e-05,0.3,0.1,-9.232856750488281,0.10137935727834702,1.019937515258789
16799.0,0.018358655273914337,0.01828327588737011,0.017651712521910667,0.02105211466550827,9.044538455782458e-05,0.00044924975372850895,0.0010407508816570044,5.26315830029489e-07,0.0022543896920979023,-0.022833112627267838,0.010942019522190094,-0.0003036002744920552,0.007552260998636484,59999996.0,-0.0008168707136064768,1.556619939802778e-05,0.3,0.1,-9.226819038391113,0.10111379623413086,0.9131507873535156
16899.0,0.018252193927764893,0.01817871257662773,0.01752079837024212,0.021930500864982605,8.725575753487647e-05,0.00044053405872546136,0.0010584996780380607,4.863190952164587e-07,0.002168337581679225,-0.022044837474822998,0.010747234337031841,-0.00026763943606056273,0.007535016164183617,59999996.0,-0.0007961911032907665,1.5230546646010342e-05,0.3,0.1,-9.22404670715332,0.10076066106557846,0.8317079544067383
16999.0,0.01847534254193306,0.01840408518910408,0.01760001853108406,0.026802249252796173,8.433955372311175e-05,0.0004279760178178549,0.0010427192319184542,4.898761289950926e-07,0.0020903940312564373,-0.021902307868003845,0.011025880463421345,-0.00027598580345511436,0.007519555278122425,59999996.0,-0.0007949218270368874,1.4904706411524889e-05,0.3,0.1,-9.19700813293457,0.10708024352788925,0.7386531233787537
17099.0,0.017669951543211937,0.01759292557835579,0.016908979043364525,0.02279823087155819,9.373515786137432e-05,0.000454674125649035,0.0011420680675655603,4.6161957811818866e-07,0.0022750895004719496,-0.021593857556581497,0.012317609041929245,-0.00023059447994455695,0.007550833746790886,59999996.0,-0.0007647713646292686,1.458875909077365e-05,0.3,0.1,-9.208395957946777,0.10660479962825775,0.7667155265808105
17199.0,0.01882580667734146,0.018749263137578964,0.017655832692980766,0.03644770011305809,8.927337330533192e-05,0.000465884106233716,0.0011710497783496976,5.229815087659517e-07,0.001976284896954894,-0.021710634231567383,0.010931303724646568,-0.00028330861823633313,0.007515523117035627,59999996.0,-0.0007631514454260468,1.4282782639030392e-05,0.3,0.1,-9.217308044433594,0.1063094362616539,0.8897849917411804
17299.0,0.01868535950779915,0.01860079914331436,0.01780688762664795,0.026463707908988,0.00010234238288830966,0.0004999539232812822,0.0011523746652528644,4.978547281098145e-07,0.002686823485419154,-0.021443571895360947,0.011330441571772099,-0.0002453014603815973,0.007486654911190271,59999996.0,-0.0007534156320616603,1.3986852551406142e-05,0.3,0.1,-9.230278015136719,0.10676378011703491,0.9702487587928772
17399.0,0.01779342256486416,0.017713986337184906,0.016959797590970993,0.025139618664979935,9.278117067879066e-05,0.0004795095301233232,0.001132153789512813,5.689846602763282e-07,0.0024917644914239645,-0.021590914577245712,0.01138929184526205,-0.00028815391124226153,0.007457722444087267,59999996.0,-0.000746956910006702,1.3701041844221931e-05,0.3,0.1,-9.228589057922363,0.10796339064836502,0.9891772270202637
17499.0,0.01871555484831333,0.01862417347729206,0.017691457644104958,0.03109053336083889,0.00011098978575319052,0.0005414978368207812,0.0012917566346004605,5.414104862211389e-07,0.0026142734568566084,-0.021243805065751076,0.011729012243449688,-0.000268208998022601,0.00748550146818161,59999996.0,-0.0007327966741286218,1.34254210369931e-05,0.3,0.1,-9.232107162475586,0.11008609086275101,0.9828473329544067
17599.0,0.018272927030920982,0.01818554662168026,0.017307166010141373,0.029279325157403946,0.00010584230767562985,0.0005170626100152731,0.0012535364367067814,5.408030006037734e-07,0.0026394648011773825,-0.02215181291103363,0.012074221856892109,-0.00020991980272810906,0.007456590421497822,59999996.0,-0.000701689044944942,1.3160058135029623e-05,0.3,0.1,-9.215964317321777,0.1112988144159317,0.8788018822669983
17699.0,0.018809353932738304,0.018727295100688934,0.017786893993616104,0.03134670481085777,9.937825961969793e-05,0.00048755493480712175,0.001318084541708231,5.854832352270023e-07,0.002142755314707756,-0.020986458286643028,0.01073200162500143,-0.00021134938288014382,0.007436482701450586,59999996.0,-0.0006935048149898648,1.2905018612656839e-05,0.3,0.1,-9.230148315429688,0.11159717291593552,0.9974539875984192
17799.0,0.018189989030361176,0.01809833198785782,0.017228534445166588,0.028993230313062668,0.00011010572779923677,0.0005461375694721937,0.0013515017926692963,6.059080988052301e-07,0.002627613255754113,-0.020965514704585075,0.012648631818592548,-0.00018542491307016462,0.007400899194180965,59999996.0,-0.0006908189388923347,1.2660365397060652e-05,0.3,0.1,-9.23389720916748,0.11341961473226547,1.1200957298278809
17899.0,0.018228929489850998,0.01814677007496357,0.017365314066410065,0.026048531755805016,9.680447692517191e-05,0.0004974495968781412,0.0012509155785664916,6.085179506953864e-07,0.0020913328044116497,-0.021142596378922462,0.011766585521399975,-0.00019559376232791692,0.007409378886222839,59999996.0,-0.0006643374217674136,1.2426158852761187e-05,0.3,0.1,-9.211745262145996,0.1154128760099411,0.832809329032898
17999.0,0.018549207597970963,0.018461687490344048,0.017480099573731422,0.03271961212158203,0.00010748183558462188,0.0005151477525942028,0.0014097739476710558,6.667876277788309e-07,0.0023175629321485758,-0.020477212965488434,0.01140496227890253,-0.0001932878658408299,0.007328394800424576,59999996.0,-0.000651458278298378,1.2202456766718747e-05,0.3,0.1,-9.235204696655273,0.1129257008433342,1.0659397840499878
18099.0,0.01839308813214302,0.018308935686945915,0.01760115474462509,0.02359272539615631,9.881856385618448e-05,0.0005087595200166106,0.0013557777274399996,6.815306505814078e-07,0.0022401846945285797,-0.021040178835392,0.011498633772134781,-0.0001763796026352793,0.007332182489335537,59999996.0,-0.0006447071209549904,1.198931433407574e-05,0.3,0.1,-9.232146263122559,0.11410119384527206,1.1215871572494507
18199.0,0.01854623854160309,0.018459377810359,0.017669204622507095,0.026339126750826836,0.00010783520701806992,0.0005079212132841349,0.001460954430513084,6.960166274438961e-07,0.002222215523943305,-0.02090664580464363,0.01160434540361166,-0.00014443210966419429,0.007337135262787342,59999996.0,-0.000615685130469501,1.1786784144538104e-05,0.3,0.1,-9.211377143859863,0.11972605437040329,0.867950439453125
18299.0,0.01849621906876564,0.018408387899398804,0.017727909609675407,0.022682595998048782,0.00011297370656393468,0.0005009148735553026,0.0015102996258065104,7.617586561536882e-07,0.002299265004694462,-0.020936373621225357,0.011654773727059364,-0.0002069086185656488,0.007301404606550932,59999996.0,-0.0006291627651080489,1.1594916169399566e-05,0.3,0.1,-9.223474502563477,0.11745548993349075,1.0576366186141968
18399.0,0.019161799922585487,0.01906801201403141,0.018109431490302086,0.03195265680551529,0.00011721911141648889,0.0005458376253955066,0.0015304840635508299,7.515216111642076e-07,0.002471082378178835,-0.02227395959198475,0.011840660125017166,-0.00020991600467823446,0.0073103210888803005,59999996.0,-0.0006107944645918906,1.141375774921203e-05,0.3,0.1,-9.238718032836914,0.11785216629505157,1.1264598369598389
18499.0,0.018207494169473648,0.018111934885382652,0.01719498820602894,0.03056488186120987,0.00011965014709858224,0.0005548580083996058,0.001507986686192453,7.516742925872677e-07,0.002632186282426119,-0.02048197016119957,0.011240717954933643,-0.00017481384566053748,0.007266846019774675,59999996.0,-0.0005958713009022176,1.124335358210493e-05,0.3,0.1,-9.245223045349121,0.1201971024274826,1.1181610822677612
18599.0,0.01878090389072895,0.018687233328819275,0.017837297171354294,0.028331203386187553,0.00012466078624129295,0.0005214376142248511,0.0016995457699522376,8.088533149930299e-07,0.0023906156420707703,-0.02114284038543701,0.010887477546930313,-0.0001954533508978784,0.007251421455293894,59999996.0,-0.0006040900480002165,1.1083745712756699e-05,0.3,0.1,-9.234515190124512,0.12160705775022507,1.1057581901550293
18699.0,0.0184059739112854,0.018313629552721977,0.01752414181828499,0.026316240429878235,0.00012031543155899271,0.0005228150985203683,0.0016466494416818023,7.424488899232529e-07,0.0022845431230962276,-0.02062024362385273,0.011261876672506332,-0.00011264444037806243,0.007230253424495459,59999996.0,-0.0005734430160373449,1.0934973522020822e-05,0.3,0.1,-9.242308616638184,0.12126229703426361,1.111380696296692
18799.0,0.018090570345520973,0.018004577606916428,0.017293553799390793,0.023700818419456482,0.0001034757515299134,0.0005122246220707893,0.0015053398674353957,7.955881642374152e-07,0.0021837938111275434,-0.021156571805477142,0.011110075749456882,-0.00012719702499452978,0.0072135222144424915,59999996.0,-0.0005687450175173581,1.0797073717209261e-05,0.3,0.1,-9.227253913879395,0.12442674487829208,1.0642122030258179
18899.0,0.017924871295690536,0.017834367230534554,0.017049551010131836,0.02616051584482193,0.0001134603371610865,0.0005234191194176674,0.0016103871166706085,7.844495826248021e-07,0.0024742938112467527,-0.019874578341841698,0.011366053484380245,-7.326999184442684e-05,0.007239142898470163,59999996.0,-0.0005470443284139037,1.0670080323035388e-05,0.3,0.1,-9.23703384399414,0.12520255148410797,1.1207195520401
18999.0,0.017670337110757828,0.017575349658727646,0.016909118741750717,0.02220769040286541,0.00012675090692937374,0.0005292797577567399,0.0017606131732463837,7.917890343378531e-07,0.002234311308711767,-0.020656058564782143,0.011564765125513077,-8.359686034964398e-05,0.007220899686217308,59999996.0,-0.0005459837848320603,1.0554024673218973e-05,0.3,0.1,-9.219695091247559,0.12920136749744415,0.9744731783866882
19099.0,0.017951976507902145,0.017859159037470818,0.01720445789396763,0.021823346614837646,0.00012644112575799227,0.0005072515341453254,0.0017774226143956184,8.291425501738559e-07,0.002342183841392398,-0.01987907662987709,0.011719471774995327,-2.6693787731346674e-05,0.007232054602354765,59999996.0,-0.0005460726679302752,1.0448935402755054e-05,0.3,0.1,-9.247739791870117,0.1252141296863556,1.18478262424469
19199.0,0.018598802387714386,0.018509887158870697,0.017810935154557228,0.023298386484384537,0.00011587017070269212,0.0005017172661609948,0.0017890114104375243,8.335720735885843e-07,0.0021536045242100954,-0.020671550184488297,0.011359604075551033,-0.00011124635057058185,0.007221196312457323,59999996.0,-0.0005463307024911046,1.0354838440848614e-05,0.3,0.1,-9.236754417419434,0.12852878868579865,1.098605751991272
19299.0,0.018679246306419373,0.01858748495578766,0.01785409078001976,0.02444646880030632,0.00012588468962348998,0.0004976893542334437,0.0018732422031462193,8.0744518982101e-07,0.002312959171831608,-0.020123878493905067,0.011568181216716766,-8.679374877829105e-05,0.007225714158266783,59999996.0,-0.0005216675926931202,1.0271757004517e-05,0.3,0.1,-9.23215389251709,0.13244284689426422,1.1754628419876099
19399.0,0.017984798178076744,0.01789282262325287,0.017131773754954338,0.025368310511112213,0.00012351578334346414,0.0005058256792835891,0.0017733292188495398,8.163687539308739e-07,0.002523449482396245,-0.02070111408829689,0.01172684133052826,-3.53833420376759e-05,0.007217621896415949,59999996.0,-0.0005299224867485464,1.019971159286147e-05,0.3,0.1,-9.22916316986084,0.13322177529335022,1.077332854270935
19499.0,0.018418695777654648,0.01831555925309658,0.01740356534719467,0.03039979748427868,0.00014346669195219874,0.0005539399571716785,0.001894715940579772,8.072711352724582e-07,0.0027685838285833597,-0.01992191933095455,0.011004037223756313,3.243365426897071e-05,0.0072069186717271805,59999996.0,-0.0005123346345499158,1.01387199820093e-05,0.3,0.1,-9.226052284240723,0.1362757682800293,1.0746729373931885
19599.0,0.018470562994480133,0.018382590264081955,0.017446395009756088,0.03120652586221695,0.000119908363558352,0.0004802130861207843,0.0018574664136394858,8.341011721313407e-07,0.0020801923237740993,-0.02005520835518837,0.011329318396747112,-4.870094926445745e-06,0.007200920023024082,59999996.0,-0.0005108811892569065,1.0088797220727815e-05,0.3,0.1,-9.236348152160645,0.13525483012199402,1.16798734664917
19699.0,0.018472380936145782,0.018379224464297295,0.017641209065914154,0.024600520730018616,0.00012310016609262675,0.0005197637365199625,0.001912314211949706,8.067518137977459e-07,0.002294912002980709,-0.02064160630106926,0.011739306151866913,2.2027379600331187e-05,0.0072665442712605,59999996.0,-0.000502779264934361,1.0049955626711372e-05,0.3,0.1,-9.235945701599121,0.13683989644050598,1.2803690433502197
19799.0,0.018382057547569275,0.018288057297468185,0.017599256709218025,0.022960014641284943,0.00012867242912761867,0.000510095153003931,0.0019641434773802757,7.952079954520741e-07,0.0023863743990659714,-0.019640516489744186,0.011772282421588898,7.437427120748907e-05,0.007217830047011375,59999996.0,-0.0005010282038711011,1.002220478354209e-05,0.3,0.1,-9.254724502563477,0.13538195192813873,1.3880391120910645
19899.0,0.018215825781226158,0.018121594563126564,0.017384367063641548,0.02457425557076931,0.00012920773588120937,0.0005116094253025949,0.0020470311865210533,7.963639063746086e-07,0.002221343806013465,-0.019864104688167572,0.012641782872378826,6.23801679466851e-05,0.007233152166008949,59999996.0,-0.0005033875349909067,1.0005551538325278e-05,0.3,0.1,-9.227482795715332,0.14359819889068604,1.2613630294799805
19999.0,0.01844189129769802,0.018338453024625778,0.017545949667692184,0.02641679160296917,0.0001459205523133278,0.0005465992144308984,0.00206425366923213,7.944511253299424e-07,0.0029008560813963413,-0.020243452861905098,0.012823234312236309,0.00013483918155543506,0.007251663599163294,59999996.0,-0.0005055473884567618,1e-05,0.3,0.1,-9.228705406188965,0.14486171305179596,1.164787769317627
