marker,referenceSystem,date,E,N,U,E_clean,N_clean,U_clean
FRAT00ITA,EURA14,2007-01-01 11:59:00,0.0,0.0,0.0,0.0,0.0,0.0
FRAT00ITA,EURA14,2007-01-02 11:59:00,0.00451,-0.00386,0.01033,0.00451,-0.00386,0.01033
FRAT00ITA,EURA14,2007-01-03 11:59:00,0.00269,-0.00411,0.00126,0.00269,-0.00411,0.00126
FRAT00ITA,EURA14,2007-01-04 11:59:00,0.0006,-0.00064,-0.00019,0.0006,-0.00064,-0.00019
FRAT00ITA,EURA14,2007-01-05 11:59:00,-4e-05,-0.00176,0.00024,-4e-05,-0.00176,0.00024
FRAT00ITA,EURA14,2007-01-06 11:59:00,0.00048,-0.00157,-0.0005,0.00048,-0.00157,-0.0005
FRAT00ITA,EURA14,2007-01-07 11:59:00,0.00096,-0.00039,-0.00051,0.00096,-0.00039,-0.00051
FRAT00ITA,EURA14,2007-01-08 11:59:00,0.00098,-0.00058,0.00014,0.00098,-0.00058,0.00014
FRAT00ITA,EURA14,2007-01-09 11:59:00,0.00103,-0.0014,-0.00493,0.00103,-0.0014,-0.00493
FRAT00ITA,EURA14,2007-01-10 11:59:00,0.00061,-0.00041,-0.00454,0.00061,-0.00041,-0.00454
FRAT00ITA,EURA14,2007-01-11 11:59:00,-0.0007,-0.00072,-0.00053,-0.0007,-0.00072,-0.00053
FRAT00ITA,EURA14,2007-01-12 11:59:00,0.00052,-0.00057,-0.00148,0.00052,-0.00057,-0.00148
FRAT00ITA,EURA14,2007-01-13 11:59:00,-0.00037,-0.00154,-0.00368,-0.00037,-0.00154,-0.00368
FRAT00ITA,EURA14,2007-01-14 11:59:00,0.00161,-0.00166,-0.00282,0.00161,-0.00166,-0.00282
FRAT00ITA,EURA14,2007-01-15 11:59:00,0.00039,-0.00085,-0.00259,0.00039,-0.00085,-0.00259
FRAT00ITA,EURA14,2007-01-16 11:59:00,-5e-05,-0.00083,-0.00173,-5e-05,-0.00083,-0.00173
FRAT00ITA,EURA14,2007-01-17 11:59:00,0.00123,-0.00234,-0.00016,0.00123,-0.00234,-0.00016
FRAT00ITA,EURA14,2007-01-18 11:59:00,0.00036,-0.00197,-0.00888,0.00036,-0.00197,-0.00888
FRAT00ITA,EURA14,2007-01-19 11:59:00,0.00042,-0.00118,-0.00034,0.00042,-0.00118,-0.00034
FRAT00ITA,EURA14,2007-01-20 11:59:00,0.00138,-0.002,0.00095,0.00138,-0.002,0.00095
FRAT00ITA,EURA14,2007-01-21 11:59:00,0.00096,-0.00223,-0.00398,0.00096,-0.00223,-0.00398
FRAT00ITA,EURA14,2007-01-22 11:59:00,0.00091,0.00046,-0.00266,0.00091,0.00046,-0.00266
FRAT00ITA,EURA14,2007-01-23 11:59:00,-0.00195,0.00162,-0.00827,-0.00195,0.00162,-0.00827
FRAT00ITA,EURA14,2007-01-24 11:59:00,0.00156,5e-05,0.00578,0.00156,5e-05,0.00578
FRAT00ITA,EURA14,2007-01-25 11:59:00,0.00275,-0.00068,-0.00419,0.00275,-0.00068,-0.00419
FRAT00ITA,EURA14,2007-01-26 11:59:00,0.00118,-0.00218,-0.00156,0.00118,-0.00218,-0.00156
FRAT00ITA,EURA14,2007-01-27 11:59:00,0.00167,-0.0024,-0.00321,0.00167,-0.0024,-0.00321
FRAT00ITA,EURA14,2007-01-28 11:59:00,0.00048,0.0002,-0.00311,0.00048,0.0002,-0.00311
FRAT00ITA,EURA14,2007-01-29 11:59:00,0.00091,-0.0012,-0.00069,0.00091,-0.0012,-0.00069
FRAT00ITA,EURA14,2007-01-30 11:59:00,-0.00057,-0.00098,-0.00261,-0.00057,-0.00098,-0.00261
FRAT00ITA,EURA14,2007-01-31 11:59:00,0.0,-0.00096,-0.00426,0.0,-0.00096,-0.00426
FRAT00ITA,EURA14,2007-02-01 11:59:00,-0.00043,-0.00069,-0.00193,-0.00043,-0.00069,-0.00193
FRAT00ITA,EURA14,2007-02-02 11:59:00,0.00194,-0.00092,-0.00346,0.00194,-0.00092,-0.00346
FRAT00ITA,EURA14,2007-02-03 11:59:00,0.00118,7e-05,-0.00083,0.00118,7e-05,-0.00083
FRAT00ITA,EURA14,2007-02-04 11:59:00,0.00052,-0.00031,0.00352,0.00052,-0.00031,0.00352
FRAT00ITA,EURA14,2007-02-05 11:59:00,0.00032,0.00032,-0.00128,0.00032,0.00032,-0.00128
FRAT00ITA,EURA14,2007-02-06 11:59:00,0.00084,0.00026,-0.00214,0.00084,0.00026,-0.00214
FRAT00ITA,EURA14,2007-02-07 11:59:00,0.00067,-0.00018,0.00199,0.00067,-0.00018,0.00199
FRAT00ITA,EURA14,2007-02-08 11:59:00,0.0005,0.00111,-0.00099,0.0005,0.00111,-0.00099
FRAT00ITA,EURA14,2007-02-09 11:59:00,0.00095,-0.00042,-0.00174,0.00095,-0.00042,-0.00174
FRAT00ITA,EURA14,2007-02-10 11:59:00,0.00151,0.00039,-0.00451,0.00151,0.00039,-0.00451
FRAT00ITA,EURA14,2007-02-11 11:59:00,-0.0001,0.00116,-0.00447,-0.0001,0.00116,-0.00447
FRAT00ITA,EURA14,2007-02-12 11:59:00,0.00073,0.00263,-0.00352,0.00073,0.00263,-0.00352
FRAT00ITA,EURA14,2007-02-13 11:59:00,0.00406,-0.00286,-0.00618,0.00406,-0.00286,-0.00618
FRAT00ITA,EURA14,2007-02-14 11:59:00,0.00113,0.00042,-0.00622,0.00113,0.00042,-0.00622
FRAT00ITA,EURA14,2007-02-15 11:59:00,0.00143,0.00041,-0.00711,0.00143,0.00041,-0.00711
FRAT00ITA,EURA14,2007-02-16 11:59:00,0.00162,-0.00057,-0.00286,0.00162,-0.00057,-0.00286
FRAT00ITA,EURA14,2007-02-17 11:59:00,0.00278,-0.00018,-0.00324,0.00278,-0.00018,-0.00324
FRAT00ITA,EURA14,2007-02-18 11:59:00,0.00123,0.00047,-0.00272,0.00123,0.00047,-0.00272
FRAT00ITA,EURA14,2007-02-19 11:59:00,0.00082,-0.00064,-0.00264,0.00082,-0.00064,-0.00264
FRAT00ITA,EURA14,2007-02-20 11:59:00,0.00204,0.00084,-0.0052,0.00204,0.00084,-0.0052
FRAT00ITA,EURA14,2007-02-21 11:59:00,0.00081,0.00093,-0.00195,0.00081,0.00093,-0.00195
FRAT00ITA,EURA14,2007-02-22 11:59:00,0.00078,0.002,-0.00466,0.00078,0.002,-0.00466
FRAT00ITA,EURA14,2007-02-23 11:59:00,0.00054,0.00121,-0.00303,0.00054,0.00121,-0.00303
FRAT00ITA,EURA14,2007-02-24 11:59:00,0.00144,0.00145,-0.00496,0.00144,0.00145,-0.00496
FRAT00ITA,EURA14,2007-02-25 11:59:00,0.00068,0.00255,-0.00196,0.00068,0.00255,-0.00196
FRAT00ITA,EURA14,2007-02-26 11:59:00,0.00034,0.00118,3e-05,0.00034,0.00118,3e-05
FRAT00ITA,EURA14,2007-02-27 11:59:00,0.00139,0.00095,-0.00302,0.00139,0.00095,-0.00302
FRAT00ITA,EURA14,2007-02-28 11:59:00,0.0006,0.00233,-0.0022,0.0006,0.00233,-0.0022
FRAT00ITA,EURA14,2007-03-01 11:59:00,0.00173,0.00123,-0.00498,0.00173,0.00123,-0.00498
FRAT00ITA,EURA14,2007-03-02 11:59:00,0.00041,0.00503,-0.00352,0.00041,0.00503,-0.00352
FRAT00ITA,EURA14,2007-03-03 11:59:00,0.00145,0.00121,-0.00325,0.00145,0.00121,-0.00325
FRAT00ITA,EURA14,2007-03-04 11:59:00,0.00079,0.00195,-0.00864,0.00079,0.00195,-0.00864
FRAT00ITA,EURA14,2007-03-05 11:59:00,0.00135,0.00087,-0.00493,0.00135,0.00087,-0.00493
FRAT00ITA,EURA14,2007-03-06 11:59:00,0.00022,0.00161,-0.00694,0.00022,0.00161,-0.00694
FRAT00ITA,EURA14,2007-03-07 11:59:00,0.00141,0.00161,0.00081,0.00141,0.00161,0.00081
FRAT00ITA,EURA14,2007-03-08 11:59:00,-6e-05,0.00323,-0.00216,-6e-05,0.00323,-0.00216
FRAT00ITA,EURA14,2007-03-09 11:59:00,0.00018,0.0021,-0.00229,0.00018,0.0021,-0.00229
FRAT00ITA,EURA14,2007-03-10 11:59:00,0.00177,-0.0009,0.00347,0.00177,-0.0009,0.00347
FRAT00ITA,EURA14,2007-03-11 11:59:00,-9e-05,3e-05,-0.00423,-9e-05,3e-05,-0.00423
FRAT00ITA,EURA14,2007-03-12 11:59:00,0.0006,0.00192,-0.00278,0.0006,0.00192,-0.00278
FRAT00ITA,EURA14,2007-03-13 11:59:00,0.00024,0.00333,-0.00105,0.00024,0.00333,-0.00105
FRAT00ITA,EURA14,2007-03-14 11:59:00,-0.0013,0.00319,-0.00698,-0.0013,0.00319,-0.00698
FRAT00ITA,EURA14,2007-03-15 11:59:00,3e-05,0.0018,-0.00419,3e-05,0.0018,-0.00419
FRAT00ITA,EURA14,2007-03-16 11:59:00,-0.00095,0.0014,-0.0041,-0.00095,0.0014,-0.0041
FRAT00ITA,EURA14,2007-03-17 11:59:00,-0.00062,0.00166,-0.00323,-0.00062,0.00166,-0.00323
FRAT00ITA,EURA14,2007-03-18 11:59:00,0.00031,0.00109,-0.00232,0.00031,0.00109,-0.00232
FRAT00ITA,EURA14,2007-03-19 11:59:00,0.00276,0.00452,-0.00068,0.00276,0.00452,-0.00068
FRAT00ITA,EURA14,2007-03-20 11:59:00,0.00298,0.00468,0.00384,0.00298,0.00468,0.00384
FRAT00ITA,EURA14,2007-03-21 11:59:00,0.00121,-0.00024,0.003,0.00121,-0.00024,0.003
FRAT00ITA,EURA14,2007-03-22 11:59:00,0.00256,-0.00162,-0.00194,0.00256,-0.00162,-0.00194
FRAT00ITA,EURA14,2007-03-23 11:59:00,0.00089,-0.00164,0.00032,0.00089,-0.00164,0.00032
FRAT00ITA,EURA14,2007-03-24 11:59:00,-0.00015,0.00307,-0.0005,-0.00015,0.00307,-0.0005
FRAT00ITA,EURA14,2007-03-25 11:59:00,0.00137,0.00313,-0.00255,0.00137,0.00313,-0.00255
FRAT00ITA,EURA14,2007-03-26 11:59:00,0.00117,0.00042,-0.00825,0.00117,0.00042,-0.00825
FRAT00ITA,EURA14,2007-03-27 11:59:00,-0.00058,-0.00113,-0.00349,-0.00058,-0.00113,-0.00349
FRAT00ITA,EURA14,2007-03-28 11:59:00,0.00063,0.00241,-0.00656,0.00063,0.00241,-0.00656
FRAT00ITA,EURA14,2007-03-29 11:59:00,0.00106,0.00204,-0.00177,0.00106,0.00204,-0.00177
FRAT00ITA,EURA14,2007-03-30 11:59:00,0.00131,0.00277,-0.00533,0.00131,0.00277,-0.00533
FRAT00ITA,EURA14,2007-03-31 11:59:00,0.00068,0.00158,-0.005,0.00068,0.00158,-0.005
FRAT00ITA,EURA14,2007-04-01 11:59:00,-0.00065,0.0034,-0.00812,-0.00065,0.0034,-0.00812
FRAT00ITA,EURA14,2007-04-02 11:59:00,0.00021,0.00288,-0.00739,0.00021,0.00288,-0.00739
FRAT00ITA,EURA14,2007-04-03 11:59:00,0.00036,0.00241,0.00093,0.00036,0.00241,0.00093
FRAT00ITA,EURA14,2007-04-04 11:59:00,0.00088,0.00312,0.00041,0.00088,0.00312,0.00041
FRAT00ITA,EURA14,2007-04-05 11:59:00,0.00042,0.00039,-0.00078,0.00042,0.00039,-0.00078
FRAT00ITA,EURA14,2007-04-06 11:59:00,-0.00041,0.0036,-0.00742,-0.00041,0.0036,-0.00742
FRAT00ITA,EURA14,2007-04-07 11:59:00,0.00038,0.00359,-0.00816,0.00038,0.00359,-0.00816
FRAT00ITA,EURA14,2007-04-08 11:59:00,-0.0006,0.00302,-0.00834,-0.0006,0.00302,-0.00834
FRAT00ITA,EURA14,2007-04-09 11:59:00,-0.00087,0.00287,-0.00729,-0.00087,0.00287,-0.00729
FRAT00ITA,EURA14,2007-04-10 11:59:00,-0.0021,0.00431,-0.00365,-0.0021,0.00431,-0.00365
FRAT00ITA,EURA14,2007-04-11 11:59:00,-0.00081,0.00396,-0.00409,-0.00081,0.00396,-0.00409
FRAT00ITA,EURA14,2007-04-12 11:59:00,-0.00107,0.00366,-0.00298,-0.00107,0.00366,-0.00298
FRAT00ITA,EURA14,2007-04-13 11:59:00,-5e-05,0.00336,-0.00227,-5e-05,0.00336,-0.00227
FRAT00ITA,EURA14,2007-04-14 11:59:00,-0.00011,0.00323,-0.00315,-0.00011,0.00323,-0.00315
FRAT00ITA,EURA14,2007-04-15 11:59:00,-0.00019,0.00324,-0.00141,-0.00019,0.00324,-0.00141
FRAT00ITA,EURA14,2007-04-16 11:59:00,-0.00061,0.00353,-0.00163,-0.00061,0.00353,-0.00163
FRAT00ITA,EURA14,2007-04-17 11:59:00,0.00031,0.00261,-0.00205,0.00031,0.00261,-0.00205
FRAT00ITA,EURA14,2007-04-18 11:59:00,-0.00114,0.00328,-0.00109,-0.00114,0.00328,-0.00109
FRAT00ITA,EURA14,2007-04-19 11:59:00,-0.00068,0.00454,-0.00189,-0.00068,0.00454,-0.00189
FRAT00ITA,EURA14,2007-04-20 11:59:00,-0.00163,0.00352,0.00168,-0.00163,0.00352,0.00168
FRAT00ITA,EURA14,2007-04-21 11:59:00,-0.00088,0.00503,-0.00334,-0.00088,0.00503,-0.00334
FRAT00ITA,EURA14,2007-04-22 11:59:00,-0.00144,0.005,-0.00174,-0.00144,0.005,-0.00174
FRAT00ITA,EURA14,2007-04-23 11:59:00,-0.00115,0.00467,0.00169,-0.00115,0.00467,0.00169
FRAT00ITA,EURA14,2007-04-24 11:59:00,-0.0021,0.00505,-0.00479,-0.0021,0.00505,-0.00479
FRAT00ITA,EURA14,2007-04-25 11:59:00,-0.0005,0.00404,0.00177,-0.0005,0.00404,0.00177
FRAT00ITA,EURA14,2007-04-26 11:59:00,0.00083,0.00186,0.003,0.00083,0.00186,0.003
FRAT00ITA,EURA14,2007-04-27 11:59:00,-0.00043,0.00356,0.00286,-0.00043,0.00356,0.00286
FRAT00ITA,EURA14,2007-04-28 11:59:00,-0.00082,0.00394,0.00264,-0.00082,0.00394,0.00264
FRAT00ITA,EURA14,2007-04-29 11:59:00,-6e-05,0.00573,-5e-05,-6e-05,0.00573,-5e-05
FRAT00ITA,EURA14,2007-04-30 11:59:00,-0.0005700000000000001,0.003695,0.0032499999999999994,-0.0005700000000000001,0.003695,0.0032499999999999994
FRAT00ITA,EURA14,2007-05-01 11:59:00,-0.00108,0.00166,0.00655,-0.00108,0.00166,0.00655
FRAT00ITA,EURA14,2007-05-02 11:59:00,-0.000725,0.0025399999999999997,0.00743,-0.000725,0.0025399999999999997,0.00743
FRAT00ITA,EURA14,2007-05-03 11:59:00,-0.00037,0.00342,0.00831,-0.00037,0.00342,0.00831
FRAT00ITA,EURA14,2007-05-04 11:59:00,0.00015,0.00323,0.00954,0.00015,0.00323,0.00954
FRAT00ITA,EURA14,2007-05-05 11:59:00,-0.0003,0.00271,0.00936,-0.0003,0.00271,0.00936
FRAT00ITA,EURA14,2007-05-06 11:59:00,0.00038,0.00166,0.00565,0.00038,0.00166,0.00565
FRAT00ITA,EURA14,2007-05-07 11:59:00,-2e-05,0.00193,0.00463,-2e-05,0.00193,0.00463
FRAT00ITA,EURA14,2007-05-08 11:59:00,-0.00038,0.00356,-0.00039,-0.00038,0.00356,-0.00039
FRAT00ITA,EURA14,2007-05-09 11:59:00,-0.00078,0.0034,0.00293,-0.00078,0.0034,0.00293
FRAT00ITA,EURA14,2007-05-10 11:59:00,0.0005,0.00471,-0.00208,0.0005,0.00471,-0.00208
FRAT00ITA,EURA14,2007-05-11 11:59:00,6e-05,0.00297,0.00344,6e-05,0.00297,0.00344
FRAT00ITA,EURA14,2007-05-12 11:59:00,-0.00066,0.00234,0.00184,-0.00066,0.00234,0.00184
FRAT00ITA,EURA14,2007-05-13 11:59:00,0.0005,0.00402,0.00481,0.0005,0.00402,0.00481
FRAT00ITA,EURA14,2007-05-14 11:59:00,-0.00147,0.00516,-0.00017,-0.00147,0.00516,-0.00017
FRAT00ITA,EURA14,2007-05-15 11:59:00,-5e-05,0.00239,0.00752,-5e-05,0.00239,0.00752
FRAT00ITA,EURA14,2007-05-16 11:59:00,0.00037,0.00304,0.00726,0.00037,0.00304,0.00726
FRAT00ITA,EURA14,2007-05-17 11:59:00,-0.00016,0.00495,0.00531,-0.00016,0.00495,0.00531
FRAT00ITA,EURA14,2007-05-18 11:59:00,0.00028,-0.0001,0.00375,0.00028,-0.0001,0.00375
FRAT00ITA,EURA14,2007-05-19 11:59:00,0.0005,0.00118,0.00415,0.0005,0.00118,0.00415
FRAT00ITA,EURA14,2007-05-20 11:59:00,0.0004,0.0038,0.00204,0.0004,0.0038,0.00204
FRAT00ITA,EURA14,2007-05-21 11:59:00,-7e-05,0.00352,0.00623,-7e-05,0.00352,0.00623
FRAT00ITA,EURA14,2007-05-22 11:59:00,-0.0009,0.0048,0.00868,-0.0009,0.0048,0.00868
FRAT00ITA,EURA14,2007-05-23 11:59:00,0.00038,0.00317,0.00612,0.00038,0.00317,0.00612
FRAT00ITA,EURA14,2007-05-24 11:59:00,-0.00113,0.00221,0.01053,-0.00113,0.00221,0.01053
FRAT00ITA,EURA14,2007-05-25 11:59:00,0.00079,0.00441,-5e-05,0.00079,0.00441,-5e-05
FRAT00ITA,EURA14,2007-05-26 11:59:00,0.00181,0.00412,0.00958,0.00181,0.00412,0.00958
FRAT00ITA,EURA14,2007-05-27 11:59:00,0.00207,0.004475,0.008645,0.00207,0.004475,0.008645
FRAT00ITA,EURA14,2007-05-28 11:59:00,0.00233,0.00483,0.00771,0.00233,0.00483,0.00771
FRAT00ITA,EURA14,2007-05-29 11:59:00,-0.00053,0.00475,0.00488,-0.00053,0.00475,0.00488
FRAT00ITA,EURA14,2007-05-30 11:59:00,0.00077,0.00147,0.00192,0.00077,0.00147,0.00192
FRAT00ITA,EURA14,2007-05-31 11:59:00,0.00065,0.00336,-0.00031,0.00065,0.00336,-0.00031
FRAT00ITA,EURA14,2007-06-01 11:59:00,-0.00113,0.00543,0.00671,-0.00113,0.00543,0.00671
FRAT00ITA,EURA14,2007-06-02 11:59:00,0.00102,0.00435,0.00206,0.00102,0.00435,0.00206
FRAT00ITA,EURA14,2007-06-03 11:59:00,0.00143,0.00352,0.0086,0.00143,0.00352,0.0086
FRAT00ITA,EURA14,2007-06-04 11:59:00,-0.00068,0.0047,-0.00509,-0.00068,0.0047,-0.00509
FRAT00ITA,EURA14,2007-06-05 11:59:00,-0.00046,0.0029,0.00328,-0.00046,0.0029,0.00328
FRAT00ITA,EURA14,2007-06-06 11:59:00,-0.00057,0.00568,0.00338,-0.00057,0.00568,0.00338
FRAT00ITA,EURA14,2007-06-07 11:59:00,-6e-05,0.00494,0.00628,-6e-05,0.00494,0.00628
FRAT00ITA,EURA14,2007-06-08 11:59:00,0.00235,0.00391,0.00562,0.00235,0.00391,0.00562
FRAT00ITA,EURA14,2007-06-09 11:59:00,-0.00049,0.00496,0.00191,-0.00049,0.00496,0.00191
FRAT00ITA,EURA14,2007-06-10 11:59:00,0.00031,0.00433,0.00221,0.00031,0.00433,0.00221
FRAT00ITA,EURA14,2007-06-11 11:59:00,-0.00124,0.00661,0.01009,-0.00124,0.00661,0.01009
FRAT00ITA,EURA14,2007-06-12 11:59:00,0.00026,0.00477,0.00921,0.00026,0.00477,0.00921
FRAT00ITA,EURA14,2007-06-13 11:59:00,-0.00039,0.00585,0.00392,-0.00039,0.00585,0.00392
FRAT00ITA,EURA14,2007-06-14 11:59:00,-5e-05,0.00449,0.00543,-5e-05,0.00449,0.00543
FRAT00ITA,EURA14,2007-06-15 11:59:00,-0.00176,0.00699,0.0075,-0.00176,0.00699,0.0075
FRAT00ITA,EURA14,2007-06-16 11:59:00,-0.00252,0.00647,0.0113,-0.00252,0.00647,0.0113
FRAT00ITA,EURA14,2007-06-17 11:59:00,-0.00069,0.00586,0.00208,-0.00069,0.00586,0.00208
FRAT00ITA,EURA14,2007-06-18 11:59:00,-0.00133,0.00534,0.00395,-0.00133,0.00534,0.00395
FRAT00ITA,EURA14,2007-06-19 11:59:00,-0.0009,0.0055,0.00244,-0.0009,0.0055,0.00244
FRAT00ITA,EURA14,2007-06-20 11:59:00,-0.00057,0.00548,0.0066,-0.00057,0.00548,0.0066
FRAT00ITA,EURA14,2007-06-21 11:59:00,0.00081,0.00669,0.00213,0.00081,0.00669,0.00213
FRAT00ITA,EURA14,2007-06-22 11:59:00,0.00015999999999999999,0.0064399999999999995,0.008479999999999998,0.00015999999999999999,0.0064399999999999995,0.008479999999999998
FRAT00ITA,EURA14,2007-06-23 11:59:00,-0.00049,0.00619,0.01483,-0.00049,0.00619,0.01483
FRAT00ITA,EURA14,2007-06-24 11:59:00,0.00244,0.00728,0.00181,0.00244,0.00728,0.00181
FRAT00ITA,EURA14,2007-06-25 11:59:00,0.0005,0.00736,-0.00029,0.0005,0.00736,-0.00029
FRAT00ITA,EURA14,2007-06-26 11:59:00,0.00293,0.00733,0.01392,0.00293,0.00733,0.01392
FRAT00ITA,EURA14,2007-06-27 11:59:00,-0.00241,0.00429,0.00763,-0.00241,0.00429,0.00763
FRAT00ITA,EURA14,2007-06-28 11:59:00,0.00063,0.0067,0.00268,0.00063,0.0067,0.00268
FRAT00ITA,EURA14,2007-06-29 11:59:00,-0.00083,0.00656,0.0048,-0.00083,0.00656,0.0048
FRAT00ITA,EURA14,2007-06-30 11:59:00,5e-05,0.00693,0.00411,5e-05,0.00693,0.00411
FRAT00ITA,EURA14,2007-07-01 11:59:00,-0.00215,0.0068,0.00269,-0.00215,0.0068,0.00269
FRAT00ITA,EURA14,2007-07-02 11:59:00,0.00079,0.00719,0.00092,0.00079,0.00719,0.00092
FRAT00ITA,EURA14,2007-07-03 11:59:00,8e-05,0.00568,0.00738,8e-05,0.00568,0.00738
FRAT00ITA,EURA14,2007-07-04 11:59:00,0.00123,0.00506,-0.00274,0.00123,0.00506,-0.00274
FRAT00ITA,EURA14,2007-07-05 11:59:00,0.00071,0.00506,-0.004,0.00071,0.00506,-0.004
FRAT00ITA,EURA14,2007-07-06 11:59:00,-0.0011,0.00502,0.00266,-0.0011,0.00502,0.00266
FRAT00ITA,EURA14,2007-07-07 11:59:00,0.00018,0.00541,0.00245,0.00018,0.00541,0.00245
FRAT00ITA,EURA14,2007-07-08 11:59:00,0.00042,0.0047,-0.00011,0.00042,0.0047,-0.00011
FRAT00ITA,EURA14,2007-07-09 11:59:00,-0.00027,0.00597,-0.00147,-0.00027,0.00597,-0.00147
FRAT00ITA,EURA14,2007-07-10 11:59:00,-0.00026,0.00473,0.01081,-0.00026,0.00473,0.01081
FRAT00ITA,EURA14,2007-07-11 11:59:00,0.00095,0.00141,0.00321,0.00095,0.00141,0.00321
FRAT00ITA,EURA14,2007-07-12 11:59:00,-0.00063,0.00537,3e-05,-0.00063,0.00537,3e-05
FRAT00ITA,EURA14,2007-07-13 11:59:00,-0.00098,0.00554,0.00157,-0.00098,0.00554,0.00157
FRAT00ITA,EURA14,2007-07-14 11:59:00,-0.00191,0.00532,0.00307,-0.00191,0.00532,0.00307
FRAT00ITA,EURA14,2007-07-15 11:59:00,-0.00119,0.00623,0.00205,-0.00119,0.00623,0.00205
FRAT00ITA,EURA14,2007-07-16 11:59:00,-0.00168,0.006995,0.0006550000000000002,-0.00168,0.006995,0.0006550000000000002
FRAT00ITA,EURA14,2007-07-17 11:59:00,-0.00217,0.00776,-0.00074,-0.00217,0.00776,-0.00074
FRAT00ITA,EURA14,2007-07-18 11:59:00,-0.00346,0.00724,0.0064,-0.00346,0.00724,0.0064
FRAT00ITA,EURA14,2007-07-19 11:59:00,-0.00082,0.00518,0.00804,-0.00082,0.00518,0.00804
FRAT00ITA,EURA14,2007-07-20 11:59:00,-0.00334,0.00644,0.0051,-0.00334,0.00644,0.0051
FRAT00ITA,EURA14,2007-07-21 11:59:00,-0.00144,0.00612,0.00527,-0.00144,0.00612,0.00527
FRAT00ITA,EURA14,2007-07-22 11:59:00,-0.001,0.00518,0.00254,-0.001,0.00518,0.00254
FRAT00ITA,EURA14,2007-07-23 11:59:00,0.00086,0.00711,0.00657,0.00086,0.00711,0.00657
FRAT00ITA,EURA14,2007-07-24 11:59:00,-0.00081,0.00325,0.01551,-0.00081,0.00325,0.01551
FRAT00ITA,EURA14,2007-07-25 11:59:00,-0.00075,0.00435,0.00295,-0.00075,0.00435,0.00295
FRAT00ITA,EURA14,2007-07-26 11:59:00,-0.00081,0.00496,0.00561,-0.00081,0.00496,0.00561
FRAT00ITA,EURA14,2007-07-27 11:59:00,-0.00202,0.00463,0.00403,-0.00202,0.00463,0.00403
FRAT00ITA,EURA14,2007-07-28 11:59:00,-0.00121,0.00626,0.00359,-0.00121,0.00626,0.00359
FRAT00ITA,EURA14,2007-07-29 11:59:00,-0.00245,0.00505,0.01115,-0.00245,0.00505,0.01115
FRAT00ITA,EURA14,2007-07-30 11:59:00,-0.00125,0.00475,0.0193,-0.00125,0.00475,0.0193
FRAT00ITA,EURA14,2007-07-31 11:59:00,0.00134,0.00104,0.00844,0.00134,0.00104,0.00844
FRAT00ITA,EURA14,2007-08-01 11:59:00,-1e-05,0.00182,0.0072,-1e-05,0.00182,0.0072
FRAT00ITA,EURA14,2007-08-02 11:59:00,-0.00108,0.00409,0.0042,-0.00108,0.00409,0.0042
FRAT00ITA,EURA14,2007-08-03 11:59:00,-0.0019,0.00454,0.0076,-0.0019,0.00454,0.0076
FRAT00ITA,EURA14,2007-08-04 11:59:00,-0.00074,0.00401,0.00831,-0.00074,0.00401,0.00831
FRAT00ITA,EURA14,2007-08-05 11:59:00,-0.00166,3e-05,0.01014,-0.00166,3e-05,0.01014
FRAT00ITA,EURA14,2007-08-06 11:59:00,0.00154,0.00224,0.00151,0.00154,0.00224,0.00151
FRAT00ITA,EURA14,2007-08-07 11:59:00,-0.00123,0.00385,0.01197,-0.00123,0.00385,0.01197
FRAT00ITA,EURA14,2007-08-08 11:59:00,-0.00626,-0.01173,0.00193,-0.00626,-0.01173,0.00193
FRAT00ITA,EURA14,2007-08-09 11:59:00,0.00178,0.00476,0.02406,0.00178,0.00476,0.02406
FRAT00ITA,EURA14,2007-08-10 11:59:00,0.00178,0.00381,0.01027,0.00178,0.00381,0.01027
FRAT00ITA,EURA14,2007-08-11 11:59:00,0.00085,0.00426,0.00429,0.00085,0.00426,0.00429
FRAT00ITA,EURA14,2007-08-12 11:59:00,0.00076,0.00494,0.00529,0.00076,0.00494,0.00529
FRAT00ITA,EURA14,2007-08-13 11:59:00,-0.00031,0.00595,0.01249,-0.00031,0.00595,0.01249
FRAT00ITA,EURA14,2007-08-14 11:59:00,-0.0011,0.00383,0.00535,-0.0011,0.00383,0.00535
FRAT00ITA,EURA14,2007-08-15 11:59:00,0.00089,0.00473,0.00487,0.00089,0.00473,0.00487
FRAT00ITA,EURA14,2007-08-16 11:59:00,-0.00057,0.00498,0.00517,-0.00057,0.00498,0.00517
FRAT00ITA,EURA14,2007-08-17 11:59:00,0.00134,0.00522,0.00142,0.00134,0.00522,0.00142
FRAT00ITA,EURA14,2007-08-18 11:59:00,-0.00025,0.0034,0.00675,-0.00025,0.0034,0.00675
FRAT00ITA,EURA14,2007-08-19 11:59:00,0.00054,0.00333,0.01093,0.00054,0.00333,0.01093
FRAT00ITA,EURA14,2007-08-20 11:59:00,0.00047,0.00391,0.0152,0.00047,0.00391,0.0152
FRAT00ITA,EURA14,2007-08-21 11:59:00,0.00048,0.00265,0.01133,0.00048,0.00265,0.01133
FRAT00ITA,EURA14,2007-08-22 11:59:00,-0.00151,0.00263,0.01028,-0.00151,0.00263,0.01028
FRAT00ITA,EURA14,2007-08-23 11:59:00,-0.00023,0.00561,0.00924,-0.00023,0.00561,0.00924
FRAT00ITA,EURA14,2007-08-24 11:59:00,0.00074,0.00344,0.00626,0.00074,0.00344,0.00626
FRAT00ITA,EURA14,2007-08-25 11:59:00,-0.00037,0.0044,0.00927,-0.00037,0.0044,0.00927
FRAT00ITA,EURA14,2007-08-26 11:59:00,-0.00183,0.00433,0.00239,-0.00183,0.00433,0.00239
FRAT00ITA,EURA14,2007-08-27 11:59:00,-0.00084,0.00538,0.00477,-0.00084,0.00538,0.00477
FRAT00ITA,EURA14,2007-08-28 11:59:00,-0.00251,0.00397,0.01491,-0.00251,0.00397,0.01491
FRAT00ITA,EURA14,2007-08-29 11:59:00,-0.00102,0.0046,0.00174,-0.00102,0.0046,0.00174
FRAT00ITA,EURA14,2007-08-30 11:59:00,0.00235,0.00448,0.01091,0.00235,0.00448,0.01091
FRAT00ITA,EURA14,2007-08-31 11:59:00,0.00183,0.00295,0.01037,0.00183,0.00295,0.01037
FRAT00ITA,EURA14,2007-09-01 11:59:00,0.0014,0.00252,0.00974,0.0014,0.00252,0.00974
FRAT00ITA,EURA14,2007-09-02 11:59:00,0.00129,0.00415,0.00967,0.00129,0.00415,0.00967
FRAT00ITA,EURA14,2007-09-03 11:59:00,-0.00073,0.0051,0.00648,-0.00073,0.0051,0.00648
FRAT00ITA,EURA14,2007-09-04 11:59:00,0.00445,0.00013,0.0109,0.00445,0.00013,0.0109
FRAT00ITA,EURA14,2007-09-05 11:59:00,0.00116,0.00012,0.00956,0.00116,0.00012,0.00956
FRAT00ITA,EURA14,2007-09-06 11:59:00,0.00284,0.00389,0.00314,0.00284,0.00389,0.00314
FRAT00ITA,EURA14,2007-09-07 11:59:00,0.00163,0.00105,0.01067,0.00163,0.00105,0.01067
FRAT00ITA,EURA14,2007-09-08 11:59:00,0.00146,0.0038,0.00926,0.00146,0.0038,0.00926
FRAT00ITA,EURA14,2007-09-09 11:59:00,0.00035,0.00653,0.00976,0.00035,0.00653,0.00976
FRAT00ITA,EURA14,2007-09-10 11:59:00,0.00201,0.00524,0.00781,0.00201,0.00524,0.00781
FRAT00ITA,EURA14,2007-09-11 11:59:00,-0.0001,0.00476,0.00703,-0.0001,0.00476,0.00703
FRAT00ITA,EURA14,2007-09-12 11:59:00,0.00076,0.00345,0.00676,0.00076,0.00345,0.00676
FRAT00ITA,EURA14,2007-09-13 11:59:00,0.00069,0.0039,0.00408,0.00069,0.0039,0.00408
FRAT00ITA,EURA14,2007-09-14 11:59:00,0.00117,0.00585,0.00638,0.00117,0.00585,0.00638
FRAT00ITA,EURA14,2007-09-15 11:59:00,5e-05,0.0064,0.00523,5e-05,0.0064,0.00523
FRAT00ITA,EURA14,2007-09-16 11:59:00,-0.00061,0.00576,0.00292,-0.00061,0.00576,0.00292
FRAT00ITA,EURA14,2007-09-17 11:59:00,0.0004,0.00444,-0.00161,0.0004,0.00444,-0.00161
FRAT00ITA,EURA14,2007-09-18 11:59:00,0.00271,0.00587,0.01108,0.00271,0.00587,0.01108
FRAT00ITA,EURA14,2007-09-19 11:59:00,0.00296,0.00045,0.01564,0.00296,0.00045,0.01564
