step,L_total,L_data,L_position,L_velocity,L_rsf,L_state,L_smooth,L_friction_reg,L_V_temporal,L_boundary_V,a_minus_b_min,a_minus_b_max,a_minus_b_mean,a_minus_b_std,tau_0_mean,tau_dot_mean,lr,w_rsf,w_state,V_log10_mean,V_log10_std,slip_max
0.0,0.021553833037614822,0.019216220825910568,0.018360480666160583,0.028524694964289665,0.02584284543991089,1.4786646366119385,0.006321631371974945,6.151887646410614e-05,2.233900547027588,0.009431585669517517,0.00041414983570575714,0.005610989406704903,0.0028339577838778496,0.0007008252432569861,59999996.0,0.09999999403953552,9.999999944483476e-05,0.0,0.0,-9.568304061889648,0.45519012212753296,0.39938896894454956
99.0,0.020656682550907135,0.018876122310757637,0.018143078312277794,0.024434775114059448,0.016326768323779106,1.2689200639724731,0.006157266907393932,5.894995069866127e-07,1.1347402334213257,0.06396333128213882,-0.01151241734623909,0.014780199155211449,2.4865879822755232e-05,0.00843300111591816,59999996.0,0.09999999403953552,9.999444846167472e-05,0.0,0.0,-8.52557373046875,0.3651970326900482,0.45232638716697693
199.0,0.020351868122816086,0.019714701920747757,0.018892869353294373,0.02739444002509117,0.017546163871884346,2.5978355407714844,0.0030896540265530348,4.955352324031992e-07,0.055018581449985504,0.057903315871953964,-0.011223100125789642,0.015006618574261665,8.310098564834334e-06,0.007966665551066399,59999996.0,0.09999999403953552,9.997779521645799e-05,0.0,0.0,-8.919079780578613,0.19385062158107758,0.38075965642929077
299.0,0.01885688677430153,0.018728747963905334,0.017927980050444603,0.026692284271121025,0.011280078440904617,1.461106300354004,0.0014086494920775294,4.392098844618886e-07,0.09912613779306412,0.0027582745533436537,-0.010904908180236816,0.014059813693165779,-5.5161108321044594e-05,0.007943487726151943,59999996.0,0.09999999403953552,9.995004437328878e-05,0.0,0.0,-8.979315757751465,0.09811978787183762,0.3361304700374603
399.0,0.018896719440817833,0.018790826201438904,0.018067648634314537,0.024105947464704514,0.016879867762327194,1.4504846334457397,0.001317154965363443,3.7431556165756774e-07,0.08801916986703873,0.0016537883784621954,-0.011266442015767097,0.014060098677873611,-2.163274803024251e-05,0.007932599633932114,59999996.0,0.09999999403953552,9.991120277927234e-05,0.0,0.0,-9.02000617980957,0.09592951089143753,0.2653173506259918
499.0,0.01930341310799122,0.018839184194803238,0.018070168793201447,0.025633838027715683,0.014796227216720581,2.193551540374756,0.003242457052692771,3.5181696489416936e-07,0.031246138736605644,0.042972348630428314,-0.01088041439652443,0.014636265113949776,1.1721996997948736e-05,0.00793463084846735,59999996.0,0.09999999403953552,9.986128001799085e-05,0.0,0.0,-8.616901397705078,0.08365023136138916,0.26767435669898987
599.0,0.018549133092164993,0.018461044877767563,0.017639359459280968,0.027389494702219963,0.008235810324549675,1.5312613248825073,0.0020946201402693987,3.2124978588399244e-07,0.049703069031238556,0.0036273121368139982,-0.011059843003749847,0.013808732852339745,-2.8458554879762232e-05,0.007951730862259865,59999996.0,0.09999999403953552,9.98002884071387e-05,0.0,0.0,-8.922931671142578,0.07641272246837616,0.27324020862579346
699.0,0.01844167150557041,0.01837885193526745,0.017632372677326202,0.024882640689611435,0.018319398164749146,1.4146274328231812,0.0019969369750469923,3.08558298911521e-07,0.05314996466040611,0.0007656970992684364,-0.01119306031614542,0.014300381764769554,-3.313133731808193e-07,0.00797438807785511,59999996.0,0.09999999403953552,9.972824299548328e-05,0.0,0.0,-9.041083335876465,0.0824635699391365,0.21542888879776
799.0,0.018182413652539253,0.01811167597770691,0.01743190735578537,0.02265896275639534,0.012450812384486198,1.3897947072982788,0.0018401911947876215,2.6946588604914723e-07,0.06492441147565842,0.0003960594185627997,-0.011158645153045654,0.014547158032655716,3.3486505799373845e-06,0.007960932329297066,59999996.0,0.09999999403953552,9.96451615591517e-05,0.0,0.0,-9.09315013885498,0.08482562750577927,0.2990383803844452
899.0,0.018481239676475525,0.018417799845337868,0.017563877627253532,0.02846408262848854,0.01143223699182272,1.3882029056549072,0.0017884200206026435,2.546222503951867e-07,0.05798237398266792,0.0003656535118352622,-0.01084043551236391,0.01451236940920353,3.0145920391078107e-05,0.007968197576701641,59999996.0,0.09999999403953552,9.955106459724526e-05,0.0,0.0,-9.070001602172852,0.08093459904193878,0.29606109857559204
999.0,0.01838819682598114,0.018336422741413116,0.01751738041639328,0.02730143815279007,0.023309163749217987,1.3721579313278198,0.0017741684569045901,2.3919051272969227e-07,0.0480860136449337,0.0001903905940707773,-0.011151690036058426,0.014018017798662186,1.0672874850570224e-05,0.00798590574413538,59999996.0,0.09999999403953552,9.944597532678134e-05,0.0,0.0,-9.067532539367676,0.07295811176300049,0.23309558629989624
1099.0,0.01884656585752964,0.018794678151607513,0.01804935187101364,0.024844180792570114,0.018564706668257713,1.37010657787323,0.0016500861383974552,2.2598092641601397e-07,0.04845644161105156,0.00017689399828668684,-0.010728251188993454,0.014196595177054405,7.519807695643976e-06,0.007968977093696594,59999996.0,0.09999999403953552,9.932991967696495e-05,0.0,0.0,-9.050844192504883,0.08888444304466248,0.12898609042167664
1199.0,0.019138198345899582,0.0190895926207304,0.01836388185620308,0.024190334603190422,0.028428029268980026,1.3528251647949219,0.001620145863853395,2.237638909718953e-07,0.046114545315504074,8.579443965572864e-05,-0.011082294397056103,0.01410570926964283,-2.360580538152135e-06,0.007981911301612854,59999996.0,0.09999999403953552,9.92029262827912e-05,0.0,0.0,-9.079920768737793,0.07085641473531723,0.23220577836036682
1299.0,0.019518090412020683,0.019471175968647003,0.018823955208063126,0.021574020385742188,0.008630398660898209,1.3674982786178589,0.001492637675255537,2.1207088707342336e-07,0.04412051662802696,0.0001290490326937288,-0.010837255045771599,0.01410842314362526,-2.545186816860223e-07,0.007965972647070885,59999996.0,0.09999999403953552,9.906502647797964e-05,0.0,0.0,-9.087398529052734,0.07003036886453629,0.24549341201782227
1399.0,0.01890753023326397,0.01886504329741001,0.018104368820786476,0.02535581961274147,0.019555367529392242,1.3539466857910156,0.0014269774546846747,2.0360207031444588e-07,0.040273021906614304,7.783849287079647e-05,-0.010875383391976357,0.014262663200497627,-5.8685973414185355e-08,0.007984454743564129,59999996.0,0.09999999403953552,9.891625428724375e-05,0.0,0.0,-9.084486961364746,0.06678638607263565,0.17523130774497986
1499.0,0.018535427749156952,0.018491672351956367,0.017718451097607613,0.0257740318775177,0.01468440517783165,1.352607250213623,0.0013687927275896072,1.9361218051017204e-07,0.04157909378409386,7.96998938312754e-05,-0.011134805157780647,0.013913637027144432,7.87517819844652e-06,0.007980789057910442,59999996.0,0.09999999403953552,9.87566464178955e-05,0.0,0.0,-9.120071411132812,0.06915643066167831,0.276539146900177
1599.0,0.018677089363336563,0.01863921247422695,0.01772923208773136,0.0303326528519392,0.022029003128409386,1.3412425518035889,0.001292340224608779,1.8728620432284515e-07,0.0362628772854805,3.129708056803793e-05,-0.010885954834520817,0.013768929988145828,-3.881554584950209e-05,0.008019093424081802,59999996.0,0.09999999403953552,9.858624225078837e-05,0.0,0.0,-9.101466178894043,0.06100613996386528,0.19404999911785126
1699.0,0.018326109275221825,0.018289940431714058,0.017376992851495743,0.030431581661105156,0.014039125293493271,1.3368819952011108,0.0012652496807277203,1.8072289265091968e-07,0.034653376787900925,2.4264698367915116e-05,-0.010902749374508858,0.014270707964897156,-4.154340786044486e-05,0.007952546700835228,59999996.0,0.09999999403953552,9.840508383060083e-05,0.0,0.0,-9.108509063720703,0.06525519490242004,0.1827971339225769
1799.0,0.01863716170191765,0.0186043381690979,0.017797205597162247,0.02690443955361843,0.026362499222159386,1.327866554260254,0.0012002894654870033,1.7689346520910476e-07,0.031493719667196274,1.2145808796049096e-05,-0.010899728164076805,0.014154689386487007,-2.3461449018213898e-05,0.007978937588632107,59999996.0,0.09999999403953552,9.821321585546243e-05,0.0,0.0,-9.102192878723145,0.07691596448421478,0.1301192045211792
1899.0,0.01878267154097557,0.018751809373497963,0.01803734339773655,0.023815520107746124,0.021808568388223648,1.3230093717575073,0.0011364103993400931,1.7040780164734315e-07,0.02964147925376892,7.368864316958934e-06,-0.010854227468371391,0.013805408030748367,1.0864176147151738e-05,0.007981821894645691,59999996.0,0.09999999403953552,9.80106856659248e-05,0.0,0.0,-9.129218101501465,0.05920841172337532,0.1888866126537323
1999.0,0.01855219341814518,0.018520837649703026,0.017748570069670677,0.025742262601852417,0.015318840742111206,1.3220138549804688,0.0011119666742160916,1.676047531873337e-07,0.03015214204788208,8.322431312990375e-06,-0.0108806062489748,0.013740265741944313,-1.0291096259607002e-05,0.007974267937242985,59999996.0,0.09999999403953552,9.779754323328192e-05,0.0,0.0,-9.135965347290039,0.0609697550535202,0.19893376529216766
2099.0,0.02060013636946678,0.018890684470534325,0.01821017451584339,0.022683678194880486,0.0049529047682881355,1.0013039112091064,0.001058543217368424,5.101103670313023e-05,0.02911963127553463,5.802773557661567e-06,0.0009968695230782032,0.011111266911029816,0.003499748418107629,0.0017768273828551173,59999996.0,0.06482744961977005,9.757384114723954e-05,0.00495,0.0016500000000000002,-9.137921333312988,0.059457823634147644,0.186662495136261
2199.0,0.02218789979815483,0.018816372379660606,0.01803184300661087,0.026151001453399658,0.002317887730896473,1.0003200769424438,0.0010043949587270617,2.3642962332814932e-05,0.028523007407784462,2.565552449595998e-06,0.0005315067246556282,0.027309920638799667,0.002746929181739688,0.004030372481793165,59999996.0,0.036251891404390335,9.733963460294007e-05,0.009949999999999999,0.0033166666666666665,-9.155025482177734,0.06180088222026825,0.21356773376464844
2299.0,0.022570855915546417,0.01878589577972889,0.01780106872320175,0.03282759711146355,0.0004812158877030015,0.7451617121696472,0.0007800196763128042,3.601158823585138e-05,0.06174466013908386,4.9844684326671995e-06,0.0006026391638442874,0.02923976629972458,0.0016680267872288823,0.0022244269493967295,59999996.0,0.017069095745682716,9.709498138734405e-05,0.01495,0.0049833333333333335,-9.298008918762207,0.07579370588064194,0.22894397377967834
2399.0,0.01854349486529827,0.01840258203446865,0.01740582287311554,0.03322529047727585,0.0001858787436503917,0.013745452277362347,0.00048691860865801573,1.5865480236243457e-05,0.04451683163642883,0.0,0.00015940738376230001,0.037452809512615204,0.0012592680286616087,0.004264961462467909,59999996.0,0.005433209240436554,9.683994186497132e-05,0.01995,0.0066500000000000005,-9.300540924072266,0.08242138475179672,0.2042582631111145
2499.0,0.019077446311712265,0.01897825300693512,0.018289020285010338,0.022974442690610886,8.446497668046504e-05,0.007967540062963963,0.0004492683510761708,1.0862693670787849e-05,0.02983090654015541,0.0,4.9642520025372505e-05,0.03940729796886444,0.001184644061140716,0.005080599337816238,59999996.0,-0.0009476370760239661,9.657457896300796e-05,0.02495,0.008316666666666667,-9.3545560836792,0.04595126956701279,0.19070224463939667
2599.0,0.01887543499469757,0.0187805388122797,0.01802835613489151,0.025072745978832245,6.737928924849257e-05,0.006540208123624325,0.0004006552044302225,1.0178030606766697e-05,0.02667674422264099,0.0,-1.821178011596203e-05,0.040280602872371674,0.0011350689455866814,0.005168031435459852,59999996.0,-0.003928988706320524,9.629895815577929e-05,0.029949999999999997,0.009983333333333334,-9.414155960083008,0.04824807494878769,0.15069015324115753
2699.0,0.01875358074903488,0.018671663478016853,0.01793510839343071,0.024551864713430405,6.16353063378483e-05,0.005171679891645908,0.0003998665779363364,6.640525498369243e-06,0.018778352066874504,0.0,-4.869210533797741e-05,0.04134933650493622,0.0013804205227643251,0.0060120574198663235,59999996.0,-0.004985191393643618,9.601314744859518e-05,0.03495,0.01165,-9.346217155456543,0.04120426997542381,0.1850219964981079
2799.0,0.018970752134919167,0.018878642469644547,0.018019091337919235,0.028651710599660873,5.866542051080614e-05,0.005149852484464645,0.000359305995516479,6.630507414229214e-06,0.020496437326073647,0.0,-8.319213520735502e-05,0.04218734800815582,0.001272092922590673,0.0058802952989935875,59999996.0,-0.005147704854607582,9.571721736097102e-05,0.03994999999999999,0.013316666666666666,-9.371435165405273,0.036989688873291016,0.15123334527015686
2899.0,0.018633291125297546,0.01854458637535572,0.01767590269446373,0.028956105932593346,5.2810341003350914e-05,0.004591195844113827,0.0003443600726313889,5.9424323808343615e-06,0.01689826510846615,0.0,-0.00010747008491307497,0.042490288615226746,0.00127219723071903,0.006063289009034634,59999996.0,-0.005295760929584503,9.541124090922784e-05,0.044950000000000004,0.014983333333333335,-9.335511207580566,0.03727005049586296,0.19348280131816864
2999.0,0.01831132173538208,0.018218323588371277,0.01742134988307953,0.026565801352262497,7.302885933313519e-05,0.004344569519162178,0.00032345368526875973,6.512252639367944e-06,0.01636393740773201,0.0,-0.000143366283737123,0.042796749621629715,0.0011584212770685554,0.005909727420657873,59999996.0,-0.005096252076327801,9.50952935884767e-05,0.04995,0.01665,-9.346257209777832,0.03287571668624878,0.16827155649662018
3099.0,0.018736375495791435,0.018658775836229324,0.017836641520261765,0.027404453605413437,4.71487692266237e-05,0.003473388496786356,0.0003215807373635471,5.707229774998268e-06,0.010781421326100826,0.0,-0.00019981630612164736,0.043473049998283386,0.0011373197194188833,0.006039592903107405,59999996.0,-0.005060847848653793,9.476945335399136e-05,0.05495,0.01831666666666667,-9.365499496459961,0.03328341990709305,0.12664355337619781
3199.0,0.019075268879532814,0.01898517645895481,0.018203677609562874,0.026049941778182983,7.396188448183239e-05,0.0035754917189478874,0.00028889108216390014,6.920610303495778e-06,0.013573802076280117,0.0,-0.0002580404980108142,0.04374141991138458,0.0008987377514131367,0.005458604544401169,59999996.0,-0.005036254413425922,9.443380060197401e-05,0.059949999999999996,0.019983333333333336,-9.331847190856934,0.03023199923336506,0.16173505783081055
3299.0,0.018812259659171104,0.018727149814367294,0.01790194772183895,0.027506759390234947,7.872642891015857e-05,0.003135291626676917,0.0002872965997084975,3.8995840441202745e-06,0.011636023409664631,0.0,-0.0002738768234848976,0.04412895441055298,0.0011812971206381917,0.006557014770805836,59999996.0,-0.00474142748862505,9.40884181497188e-05,0.06495,0.021650000000000003,-9.327994346618652,0.02747991494834423,0.1563010811805725
3399.0,0.018472224473953247,0.018393831327557564,0.017557570710778236,0.02787533402442932,5.842425161972642e-05,0.0027575604617595673,0.0002716435701586306,5.521234470506897e-06,0.00946301780641079,0.0,-0.0003386803437024355,0.04422177001833916,0.0009573528659529984,0.006060954183340073,59999996.0,-0.004795977845788002,9.373339121517766e-05,0.06995,0.023316666666666666,-9.302720069885254,0.029888883233070374,0.18107996881008148
3499.0,0.019104061648249626,0.01903419755399227,0.018284376710653305,0.0249940212816,3.518366429489106e-05,0.002376910299062729,0.00026920216623693705,6.08990103501128e-06,0.007270604372024536,0.0,-0.0003969799727201462,0.04441126063466072,0.0008300504414364696,0.005843152292072773,59999996.0,-0.004594946280121803,9.336880739593439e-05,0.07494999999999999,0.024983333333333333,-9.323383331298828,0.02540532499551773,0.1543043553829193
3599.0,0.01841791532933712,0.018351370468735695,0.01740742288529873,0.03146493807435036,3.450418807915412e-05,0.002123530488461256,0.000255561841186136,6.794330147386063e-06,0.006599558982998133,0.0,-0.00047326565254479647,0.044537514448165894,0.0006627357797697186,0.00544991297647357,59999996.0,-0.004451277200132608,9.299475664759092e-05,0.07995000000000001,0.026650000000000004,-9.287368774414062,0.03773020580410957,0.2058926820755005
3699.0,0.019014872610569,0.01893044076859951,0.01810401678085327,0.027547482401132584,6.24617314315401e-05,0.0024749869480729103,0.00024249614216387272,5.921080628468189e-06,0.008502982556819916,0.0,-0.0005192091921344399,0.04486478865146637,0.0006962980842217803,0.005878324620425701,59999996.0,-0.004479167517274618,9.261133126157237e-05,0.08495,0.02831666666666667,-9.312179565429688,0.023207765072584152,0.16782242059707642
3799.0,0.01948964223265648,0.019421294331550598,0.01859148032963276,0.027660466730594635,3.695158738992177e-05,0.0019552954472601414,0.00022410099336411804,5.491268893820234e-06,0.005900329910218716,0.0,-0.0007157915970310569,0.04516909644007683,0.0005674783606082201,0.0057303630746901035,59999996.0,-0.004582382272928953,9.221862584235546e-05,0.08995,0.029983333333333334,-9.32192325592041,0.022917577996850014,0.1314147710800171
3899.0,0.018581142649054527,0.018499471247196198,0.017717737704515457,0.02605777606368065,7.309435750357807e-05,0.002104178536683321,0.00022415813873521984,5.528800102183595e-06,0.0076354616321623325,0.0,-0.0008277299348264933,0.0452461764216423,0.000490971258841455,0.005855202209204435,59999996.0,-0.00436713732779026,9.181673728412626e-05,0.09494999999999999,0.031650000000000005,-9.303349494934082,0.023508090525865555,0.17015987634658813
3999.0,0.01842271164059639,0.018355408683419228,0.01759512722492218,0.02534269541501999,4.249320045346394e-05,0.0017209160141646862,0.0002186972415074706,8.31847864901647e-06,0.00508686201646924,0.0,-0.0011001056991517544,0.04499112442135811,0.00014604030002374202,0.0051047769375145435,59999996.0,-0.0042998394928872585,9.140576474687287e-05,0.09995,0.03331666666666667,-9.30203628540039,0.021583905443549156,0.17243801057338715
4099.0,0.01829274743795395,0.01823299378156662,0.017531603574752808,0.023379653692245483,3.1183688406599686e-05,0.001468511065468192,0.0002043972781393677,5.4927431847318076e-06,0.004628841299563646,0.0,-0.0014305053045973182,0.04534050449728966,0.00012123156193410978,0.005774692166596651,59999996.0,-0.0041039250791072845,9.098580963191933e-05,0.10495,0.03498333333333333,-9.305309295654297,0.021893484517931938,0.16746200621128082
4199.0,0.018241971731185913,0.018161475658416748,0.01743200607597828,0.02431568130850792,7.116045890143141e-05,0.0017801265930756927,0.00019161193631589413,8.00750422058627e-06,0.006837090943008661,0.0,-0.001813126145862043,0.045301299542188644,-0.0002592757809907198,0.005218727048486471,59999996.0,-0.004155410919338465,9.055697555690627e-05,0.10994999999999999,0.03665,-9.295807838439941,0.02827407233417034,0.18726666271686554
4299.0,0.018331436440348625,0.018266499042510986,0.017432911321520805,0.027786273509263992,4.803429692401551e-05,0.001408916898071766,0.0001899137132568285,8.214157787733711e-06,0.004832496400922537,0.0,-0.002201295690611005,0.04554416239261627,-0.0004412052221596241,0.005396603140980005,59999996.0,-0.0039407480508089066,9.011936833022505e-05,0.11495,0.038316666666666666,-9.296823501586914,0.030354000627994537,0.18917682766914368
4399.0,0.01840876415371895,0.01834254525601864,0.01772262156009674,0.020664114505052567,5.2230519941076636e-05,0.001369641162455082,0.00018209603149443865,8.226908903452568e-06,0.00459503848105669,0.0,-0.0023090201430022717,0.045274846255779266,-0.000608375295996666,0.005368854850530624,59999996.0,-0.003914463799446821,8.967309592491068e-05,0.11994999999999999,0.039983333333333336,-9.307677268981934,0.019138695672154427,0.15677745640277863
4499.0,0.01831429824233055,0.01824820414185524,0.017582900822162628,0.022176748141646385,5.280518962536007e-05,0.0013050911948084831,0.00017618868150748312,1.0652033779479098e-05,0.004430097062140703,0.0,-0.0024424209259450436,0.045723579823970795,-0.000807794276624918,0.004984844475984573,59999996.0,-0.0037720324471592903,8.921826845200169e-05,0.12494999999999999,0.04165,-9.316100120544434,0.01854012906551361,0.13120222091674805
4599.0,0.018797243013978004,0.018717844039201736,0.018037665635347366,0.0226726233959198,7.276413089130074e-05,0.0014644067268818617,0.00016687478637322783,9.744440831127577e-06,0.005855605937540531,0.0,-0.0025529370177537203,0.04521822929382324,-0.0007859622710384429,0.005108193028718233,59999996.0,-0.0036478585097938776,8.875499813337086e-05,0.12994999999999998,0.04331666666666667,-9.316383361816406,0.01811838336288929,0.12895043194293976
4699.0,0.018615279346704483,0.018553948029875755,0.017720870673656464,0.02776925079524517,4.062724474351853e-05,0.0011468067532405257,0.00016478616453241557,7.863229257054627e-06,0.003704320639371872,0.0,-0.002852538600564003,0.044232193380594254,-0.0008331868448294699,0.005406990647315979,59999996.0,-0.00355223729275167,8.828339927403761e-05,0.13495,0.044983333333333334,-9.316166877746582,0.01816563494503498,0.12550979852676392
4799.0,0.018535632640123367,0.0184660404920578,0.017805472016334534,0.022018950432538986,7.145355630200356e-05,0.001166939502581954,0.00015445314056705683,8.732791684451513e-06,0.004563175607472658,0.0,-0.0032635857351124287,0.045093320310115814,-0.0010000361362472177,0.005178865510970354,59999996.0,-0.0034525475930422544,8.780358823396374e-05,0.13995,0.046650000000000004,-9.315720558166504,0.01733294501900673,0.1676289141178131
4899.0,0.019004149362444878,0.018945520743727684,0.018158024176955223,0.026249896734952927,4.190194886177778e-05,0.000999702955596149,0.0001539716322440654,1.5202235772449058e-05,0.0033370857127010822,0.0,-0.0035028085112571716,0.0446978323161602,-0.001271385233849287,0.004498891066759825,59999996.0,-0.003505273722112179,8.731568339934372e-05,0.14495,0.048316666666666674,-9.318750381469727,0.016403039917349815,0.16366751492023468
4999.0,0.018644042313098907,0.018585745245218277,0.017771558836102486,0.027139518409967422,3.682778333313763e-05,0.0009747762233018875,0.0001455135061405599,1.4521843695547432e-05,0.0031794763635843992,0.0,-0.003602071665227413,0.0433170311152935,-0.0014165716711431742,0.004400770645588636,59999996.0,-0.0034724529832601547,8.68198051533948e-05,0.14995,0.04998333333333334,-9.322332382202148,0.027616197243332863,0.1873500645160675
5099.0,0.01858031190931797,0.01851922646164894,0.017843084409832954,0.022538071498274803,5.264610445010476e-05,0.000941778183914721,0.00014027820725459605,1.6159156075445935e-05,0.0033360172528773546,0.0,-0.0037482930347323418,0.043130431324243546,-0.0015208810800686479,0.004234978463500738,59999996.0,-0.0034257066436111927,8.631607584665427e-05,0.15494999999999998,0.05165,-9.326251029968262,0.01596323400735855,0.1533517837524414
5199.0,0.019118960946798325,0.019062554463744164,0.018466072157025337,0.019882721826434135,4.1035247704712674e-05,0.0008654890116304159,0.00014044671843294054,1.147996044892352e-05,0.0029845836106687784,0.0,-0.003842557081952691,0.04357530176639557,-0.0013277316465973854,0.004957867320626974,59999996.0,-0.003220575163140893,8.580461976679114e-05,0.15995,0.05331666666666667,-9.330363273620605,0.015147085301578045,0.13963325321674347
5299.0,0.019383082166314125,0.019332488998770714,0.018615569919347763,0.023897279053926468,2.7831496481667273e-05,0.000772942032199353,0.0001288564089918509,1.4875247870804742e-05,0.0026324864011257887,0.0,-0.004714238457381725,0.04278859123587608,-0.0016548294806852937,0.00456530274823308,59999996.0,-0.003118216060101986,8.528556310793998e-05,0.16494999999999999,0.05498333333333333,-9.334413528442383,0.014984440058469772,0.12725523114204407
5399.0,0.018173450604081154,0.018116939812898636,0.01735685206949711,0.0253362488001585,4.2759675125125796e-05,0.000811933190561831,0.0001228269684361294,8.80380321177654e-06,0.0026863275561481714,0.0,-0.004669640213251114,0.04351194575428963,-0.001471559633500874,0.005429569166153669,59999996.0,-0.0029778548050671816,8.475903393956456e-05,0.16995,0.056650000000000006,-9.339447975158691,0.01623235084116459,0.1601724773645401
5499.0,0.018624531105160713,0.018574191257357597,0.01742902398109436,0.03817225620150566,3.6123972677160054e-05,0.0006949514499865472,0.0001204386935569346,1.7785336240194738e-05,0.0024819825775921345,0.0,-0.004873733967542648,0.04158322885632515,-0.001941647264175117,0.004337704740464687,59999996.0,-0.0028259512037038803,8.42251621748586e-05,0.17495000000000002,0.058316666666666676,-9.342063903808594,0.015049653127789497,0.14673125743865967
5599.0,0.018926797434687614,0.01887296326458454,0.017828386276960373,0.03481920808553696,4.446680759429e-05,0.0007045654347166419,0.00011288227688055485,1.852435525506735e-05,0.0025316595565527678,0.0,-0.006071740295737982,0.0393562875688076,-0.002271089470013976,0.00428063003346324,59999996.0,-0.0029169151093810797,8.368407953869135e-05,0.17995,0.05998333333333333,-9.350561141967773,0.019253937527537346,0.17621342837810516
5699.0,0.019889025017619133,0.019833752885460854,0.019076179713010788,0.025252453982830048,3.802509672823362e-05,0.0007250678027048707,0.00011229485244257376,1.9199385860702023e-05,0.0024685233365744352,0.0,-0.006183486897498369,0.04064766690135002,-0.002289961325004697,0.004284237045794725,59999996.0,-0.0028721557464450598,8.313591953510704e-05,0.18495,0.06165000000000001,-9.35239315032959,0.015018175356090069,0.11430688202381134
5799.0,0.018385643139481544,0.018329909071326256,0.017560750246047974,0.025638652965426445,4.404992432682775e-05,0.0006895725382491946,0.00010994186595780775,2.2020596588845365e-05,0.002494090236723423,0.0,-0.00703828502446413,0.037138812243938446,-0.0026251873932778835,0.004084176849573851,59999996.0,-0.0026199249550700188,8.258081741438418e-05,0.18994999999999998,0.06331666666666667,-9.360137939453125,0.016710655763745308,0.16500324010849
5899.0,0.018379224464297295,0.01831577531993389,0.017551669850945473,0.02547018975019455,5.6679200497455895e-05,0.0007445573573932052,0.000104147671663668,1.9161185264238156e-05,0.0029542080592364073,0.0,-0.008863388560712337,0.03380514308810234,-0.0026022884994745255,0.004391937050968409,59999996.0,-0.0023609776981174946,8.201891013966504e-05,0.19495,0.06498333333333334,-9.362465858459473,0.013516769744455814,0.1479908525943756
5999.0,0.018683748319745064,0.018632542341947556,0.017838461324572563,0.026469377800822258,3.184434899594635e-05,0.0006194891175255179,9.977749868994579e-05,2.669283094292041e-05,0.002113781636580825,0.0,-0.0127138402312994,0.023962004110217094,-0.0034480798058211803,0.004253506660461426,59999996.0,-0.002163765486329794,8.14503363531616e-05,0.19995,0.06665,-9.367218017578125,0.013648927211761475,0.148285910487175
6099.0,0.018824024125933647,0.018764106556773186,0.01793823391199112,0.027529079467058182,4.389592140796594e-05,0.0006891939556226134,9.645229874877259e-05,2.1261843357933685e-05,0.002677149837836623,0.0,-0.018061354756355286,0.01972470059990883,-0.00323968892917037,0.00477343937382102,59999996.0,-0.0019414491252973676,8.087523634194784e-05,0.20495,0.06831666666666668,-9.372885704040527,0.01330459676682949,0.1506427377462387
6199.0,0.01922435499727726,0.0191758144646883,0.01850634068250656,0.022315796464681625,2.8702550480375066e-05,0.0005640875897370279,9.179474727716297e-05,1.886632526293397e-05,0.0020048189908266068,0.0,-0.024035653099417686,0.009474627673625946,-0.003615296445786953,0.0056743924506008625,59999996.0,-0.0018904086900874972,8.029375200334623e-05,0.20995,0.06998333333333333,-9.375991821289062,0.01301957480609417,0.12111405283212662
6299.0,0.01872018724679947,0.018677912652492523,0.017834380269050598,0.028117768466472626,2.0406918338267133e-05,0.0004922180669382215,8.792705921223387e-05,1.5178766261669807e-05,0.0017754867440089583,0.0,-0.029083991423249245,0.004189015366137028,-0.00343195628374815,0.0062456512823700905,59999996.0,-0.0019316342659294605,7.970602680991627e-05,0.21495,0.07165,-9.386173248291016,0.013920926488935947,0.16199471056461334
6399.0,0.01877564564347267,0.018735358491539955,0.017959918826818466,0.02584797888994217,1.2629519005713519e-05,0.0004786057397723198,8.555778185836971e-05,1.3944396414444782e-05,0.0016377093270421028,0.0,-0.03031967580318451,0.003081302158534527,-0.0033764883410185575,0.006563500035554171,59999996.0,-0.0018456880934536457,7.911220577405522e-05,0.21994999999999998,0.07331666666666667,-9.395713806152344,0.019103573635220528,0.1752253770828247
6499.0,0.018619054928421974,0.018571695312857628,0.017846137285232544,0.024185290560126305,2.263480200781487e-05,0.0005293306312523782,8.386925765080377e-05,1.3286460671224631e-05,0.0018274864414706826,0.0,-0.030965089797973633,0.00131147017236799,-0.003344351425766945,0.00672660768032074,59999996.0,-0.0019100409699603915,7.851243541221801e-05,0.22495,0.07498333333333333,-9.392948150634766,0.012057431042194366,0.135973259806633
6599.0,0.018791208043694496,0.0187490563839674,0.01805463247001171,0.02314744144678116,1.799793062673416e-05,0.00046482915058732033,8.089449693216011e-05,1.2598407920449972e-05,0.0016753930831328034,0.0,-0.031850576400756836,0.0009632846340537071,-0.003194834804162383,0.006598110310733318,59999996.0,-0.0017771695274859667,7.7906863708767e-05,0.22995,0.07665,-9.397061347961426,0.01221978385001421,0.13057047128677368
6699.0,0.018553756177425385,0.018510326743125916,0.017760008573532104,0.025010574609041214,1.7782022041501477e-05,0.0004715828690677881,7.798474689479917e-05,1.2622544090845622e-05,0.0016096023609861732,0.0,-0.03157562017440796,0.0006780835101380944,-0.0032093313056975603,0.006593792699277401,59999996.0,-0.001928946003317833,7.729564007945859e-05,0.23495,0.07831666666666667,-9.403074264526367,0.012456996366381645,0.11983200162649155
6799.0,0.01819099672138691,0.018149973824620247,0.01746012642979622,0.022994887083768845,1.7597441910766065e-05,0.0004321081505622715,7.367374200839549e-05,1.2301347851462197e-05,0.001550470246002078,0.0,-0.03259740024805069,0.0005113149527460337,-0.0032568187452852726,0.006924361921846867,59999996.0,-0.0017625208711251616,7.667891533457737e-05,0.23994999999999997,0.07998333333333334,-9.410833358764648,0.011896956712007523,0.14400345087051392
6899.0,0.01897672563791275,0.018933352082967758,0.018165655434131622,0.02558990567922592,1.941705704666674e-05,0.00044464156962931156,7.143078983062878e-05,1.1730730875569861e-05,0.0016558259958401322,0.0,-0.032379284501075745,0.0005008105654269457,-0.0030956456903368235,0.006788428872823715,59999996.0,-0.0018096704734489322,7.605684164172603e-05,0.24495,0.08165,-9.422913551330566,0.013678239658474922,0.16287600994110107
6999.0,0.01833835430443287,0.01829778030514717,0.017598966136574745,0.023293785750865936,1.3287308320286684e-05,0.0004224199219606817,6.99333832017146e-05,1.1861638995469548e-05,0.0013959537027403712,0.0,-0.0328126884996891,0.00027013279031962156,-0.0032758975867182016,0.007185691501945257,59999996.0,-0.0017523685237392783,7.542957248827982e-05,0.24995,0.08331666666666668,-9.424171447753906,0.012475709430873394,0.1581113636493683
7099.0,0.018863556906580925,0.018824661150574684,0.01804029569029808,0.026145529001951218,1.1796723811130505e-05,0.0003984692448284477,6.550321995746344e-05,1.130534292315133e-05,0.0013942543882876635,0.0,-0.03315650299191475,0.0002988460473716259,-0.003104996168985963,0.007039493415504694,59999996.0,-0.0016696056118234992,7.479726264351639e-05,0.25495,0.08498333333333334,-9.431903839111328,0.013010428287088871,0.16378283500671387
7199.0,0.018658122047781944,0.018617309629917145,0.01787753403186798,0.024659182876348495,1.7058242519851774e-05,0.0003964154457207769,6.584455695701763e-05,1.1970407285843976e-05,0.001365676405839622,0.0,-0.0328415185213089,0.0002730023115873337,-0.0033424405846744776,0.007546306122094393,59999996.0,-0.0017369480337947607,7.416006812042846e-05,0.25995,0.08665,-9.435029983520508,0.011996950954198837,0.1530075967311859
7299.0,0.01857328973710537,0.018533656373620033,0.017803017050027847,0.02435462549328804,1.3611656868306454e-05,0.0003855753457173705,6.250195292523131e-05,1.066471577360062e-05,0.0013787578791379929,0.0,-0.0342402458190918,0.00015193328727036715,-0.0030576849821954966,0.007229307666420937,59999996.0,-0.0017790618585422635,7.351814613723007e-05,0.26494999999999996,0.08831666666666667,-9.432595252990723,0.010891290381550789,0.12645456194877625
7399.0,0.018286744132637978,0.018248844891786575,0.017536785453557968,0.02373533323407173,1.6024736396502703e-05,0.00035125770955346525,6.146231316961348e-05,1.0990504051733296e-05,0.0013560648076236248,0.0,-0.03425644338130951,9.116064757108688e-05,-0.0031201322562992573,0.007339381147176027,59999996.0,-0.0016456558369100094,7.287165507856531e-05,0.26995,0.08998333333333335,-9.438639640808105,0.010643691755831242,0.13533222675323486
7499.0,0.018357915803790092,0.01830895058810711,0.017584823071956635,0.024137604981660843,2.2997552150627598e-05,0.00043942040065303445,5.8120727771893144e-05,1.07078994915355e-05,0.0017766141099855304,0.0,-0.03431218862533569,7.27454898878932e-05,-0.0030443635769188404,0.007269459776580334,59999996.0,-0.001751799718476832,7.222075445642923e-05,0.27494999999999997,0.09165000000000001,-9.455291748046875,0.015787217766046524,0.17070552706718445
7599.0,0.019185449928045273,0.019141871482133865,0.018254747614264488,0.02957078069448471,1.9304021407151595e-05,0.00038624517037533224,5.705448711523786e-05,1.1173131497344002e-05,0.0015167061937972903,0.0,-0.035094741731882095,5.492300260812044e-05,-0.003183455439284444,0.00760176545009017,59999996.0,-0.0016902955248951912,7.156560487081061e-05,0.27995,0.09331666666666667,-9.445757865905762,0.010580520145595074,0.1221250593662262
7699.0,0.018245289102196693,0.01820613443851471,0.017427297309041023,0.025961263105273247,1.7023179680109024e-05,0.0003412265796214342,5.468918243423104e-05,1.012088978313841e-05,0.0013339817523956299,0.0,-0.03380127251148224,1.0532792657613754e-05,-0.002923819934949279,0.007048065308481455,59999996.0,-0.0016866620862856507,7.090636797006673e-05,0.28495,0.09498333333333334,-9.45530891418457,0.010761221870779991,0.15016832947731018
7799.0,0.018343573436141014,0.018306011334061623,0.01751287654042244,0.02643784135580063,1.7104823200497776e-05,0.00031876799766905606,5.258183227851987e-05,1.0609406672301702e-05,0.001211600610986352,0.0,-0.03479626402258873,9.138602763414383e-08,-0.0030504646711051464,0.007341338787227869,59999996.0,-0.001625313889235258,7.024320641103861e-05,0.28995,0.09665000000000001,-9.457489967346191,0.010335658676922321,0.14243769645690918
7899.0,0.018081245943903923,0.018039217218756676,0.017393149435520172,0.021535605192184448,1.8031632862403058e-05,0.0003539815661497414,5.069095641374588e-05,1.0208018466073554e-05,0.0013478519394993782,0.0,-0.033325567841529846,2.8149806894361973e-05,-0.0028972101863473654,0.007031950168311596,59999996.0,-0.0014850104926154017,6.957628381891763e-05,0.29495,0.09831666666666666,-9.458633422851562,0.010255350731313229,0.13565398752689362
7999.0,0.018463237211108208,0.018425405025482178,0.017617138102650642,0.02694222331047058,1.6589099686825648e-05,0.00031041898182593286,5.0396512961015105e-05,1.0412944902782328e-05,0.0012472991365939379,0.0,-0.03463754430413246,-4.568404983729124e-05,-0.0029781139455735683,0.00714250560849905,59999996.0,-0.0016540350625291467,6.890576474687392e-05,0.29995,0.09998333333333334,-9.47630500793457,0.013966531492769718,0.16596733033657074
8099.0,0.01856083795428276,0.018525682389736176,0.017662785947322845,0.02876320481300354,1.2452821465558372e-05,0.00029746972722932696,4.88743644382339e-05,1.0655394362402149e-05,0.001091254292987287,0.0,-0.03704239800572395,-2.8326991014182568e-05,-0.003002855693921447,0.007179815322160721,59999996.0,-0.0016524064121767879,6.823181463545536e-05,0.3,0.1,-9.46572494506836,0.010148714296519756,0.11919528245925903
8199.0,0.018596287816762924,0.018560010939836502,0.017675599083304405,0.02948041632771492,1.4804426427872386e-05,0.00030171938124112785,4.8098081606440246e-05,1.0346858289267402e-05,0.0010982180247083306,0.0,-0.03441860154271126,-6.13044248893857e-05,-0.002799038542434573,0.006742855999618769,59999996.0,-0.0014013682957738638,6.755459977176727e-05,0.3,0.1,-9.46968936920166,0.009840006940066814,0.11619653552770615
8299.0,0.018601831048727036,0.018572408705949783,0.017800547182559967,0.025728730484843254,8.287984201160725e-06,0.00025324252783320844,4.585098577081226e-05,1.1210875527467579e-05,0.0010041018249467015,0.0,-0.03637278079986572,-9.31640388444066e-05,-0.003126986790448427,0.007312771864235401,59999996.0,-0.001470776041969657,6.687428724844406e-05,0.3,0.1,-9.488428115844727,0.015080765821039677,0.168752521276474
8399.0,0.018162094056606293,0.018127040937542915,0.017392676323652267,0.024478822946548462,1.3532945558836218e-05,0.0002918757381848991,4.451344648259692e-05,1.1960684787482023e-05,0.0011619686847552657,0.0,-0.03554121032357216,-0.00014395848847925663,-0.003230137750506401,0.007266444154083729,59999996.0,-0.001418326748535037,6.619104492242097e-05,0.3,0.1,-9.48448371887207,0.011030799709260464,0.15326015651226044
8499.0,0.018341369926929474,0.018309801816940308,0.017593253403902054,0.023884974420070648,1.3995165318192448e-05,0.00025648565497249365,4.1917806811397895e-05,1.2074942787876353e-05,0.001073990948498249,0.0,-0.03587252274155617,-0.0001945422263815999,-0.0031967167742550373,0.006997975986450911,59999996.0,-0.0014111417112872005,6.55050413735185e-05,0.3,0.1,-9.479668617248535,0.009273105300962925,0.1302979588508606
8599.0,0.01870790868997574,0.018674619495868683,0.018005087971687317,0.022317713126540184,1.4468465451500379e-05,0.0002714914735406637,4.082527448190376e-05,1.287407758354675e-05,0.0011140289716422558,0.0,-0.0349319726228714,-0.000263414578512311,-0.0032739853486418724,0.006921146064996719,59999996.0,-0.0013850678224116564,6.481644586284743e-05,0.3,0.1,-9.483195304870605,0.009061958640813828,0.1308852583169937
8699.0,0.01831866055727005,0.018277829512953758,0.017599159851670265,0.02262233942747116,2.410855631751474e-05,0.0003153792640659958,3.9930688217282295e-05,1.3313393537828233e-05,0.0013552956515923142,0.0,-0.0364857017993927,-0.000274901045486331,-0.003436526283621788,0.00726873567327857,59999996.0,-0.0011378120398148894,6.41254282910463e-05,0.3,0.1,-9.502128601074219,0.014387160539627075,0.16751737892627716
8799.0,0.017965810373425484,0.017934799194335938,0.01722126081585884,0.023784596472978592,1.3646872503159102e-05,0.00025121012004092336,3.981413465226069e-05,1.3355820556171238e-05,0.0010874996660277247,0.0,-0.03793489187955856,-0.0003449443029239774,-0.0033752487506717443,0.006986804306507111,59999996.0,-0.0011467987205833197,6.343215915636114e-05,0.3,0.1,-9.504369735717773,0.012951835058629513,0.16649749875068665
8899.0,0.018300140276551247,0.01827540248632431,0.017379896715283394,0.029850203543901443,5.780176707048668e-06,0.0002142888552043587,3.8818950997665524e-05,1.4016414752404671e-05,0.0008350058342330158,0.0,-0.036921318620443344,-0.00033522676676511765,-0.003403925336897373,0.006801264360547066,59999996.0,-0.0009866809705272317,6.273680951257725e-05,0.3,0.1,-9.493464469909668,0.00924680009484291,0.13067907094955444
8999.0,0.019380904734134674,0.01935574598610401,0.01843203976750374,0.030790235847234726,5.09843448526226e-06,0.00022042790078558028,3.799155092565343e-05,1.4488481610896997e-05,0.0008243788033723831,0.0,-0.03674694895744324,-0.0003797495737671852,-0.0034541983623057604,0.006851793732494116,59999996.0,-0.0010051564313471317,6.203955092681447e-05,0.3,0.1,-9.495962142944336,0.009193267673254013,0.12114815413951874
9099.0,0.018852943554520607,0.018822018057107925,0.018044564872980118,0.02591513656079769,1.734421675791964e-05,0.0002389800938544795,3.6450106563279405e-05,1.4767716493224725e-05,0.001050609047524631,0.0,-0.03584585711359978,-0.0003962725168094039,-0.0034725035075098276,0.006710451561957598,59999996.0,-0.0010059279156848788,6.134055543719563e-05,0.3,0.1,-9.49895191192627,0.009099243208765984,0.12328076362609863
9199.0,0.018371054902672768,0.01834036223590374,0.017699293792247772,0.02136896550655365,1.5771711332490668e-05,0.00024057063274085522,3.6139907024335116e-05,1.5520728993578814e-05,0.0010910792043432593,0.0,-0.03720762953162193,-0.00040900707244873047,-0.003684332827106118,0.007074802182614803,59999996.0,-0.0009443459566682577,6.0639995510398136e-05,0.3,0.1,-9.502762794494629,0.00891824346035719,0.12869751453399658
9299.0,0.018657857552170753,0.018631385639309883,0.018005704507231712,0.02085602842271328,1.1265764442214277e-05,0.0002145093458238989,3.5839955671690404e-05,1.4729663234902546e-05,0.0008723926148377359,0.0,-0.036416467279195786,-0.00037960719782859087,-0.003463882254436612,0.006829718127846718,59999996.0,-0.0007517880294471979,5.993804399910145e-05,0.3,0.1,-9.521476745605469,0.01338725071400404,0.1632009893655777
9399.0,0.017879998311400414,0.01785225234925747,0.01706504449248314,0.02624025195837021,1.1402014933992177e-05,0.00022566090046893805,3.440756336203776e-05,1.5557161532342434e-05,0.0009488906944170594,0.0,-0.036549147218465805,-0.00033923995215445757,-0.003615489462390542,0.00685401726514101,59999996.0,-0.0007878128089942038,5.923487409933748e-05,0.3,0.1,-9.514891624450684,0.00989273190498352,0.1443983018398285
9499.0,0.01836671493947506,0.018343575298786163,0.0175891425460577,0.025147780776023865,6.968544767005369e-06,0.00019462904310785234,3.28739988617599e-05,1.5911024092929438e-05,0.0007587976288050413,0.0,-0.036464959383010864,-0.00034312380012124777,-0.003630156861618161,0.006765758618712425,59999996.0,-0.0007599765085615218,5.8530659307757264e-05,0.3,0.1,-9.526678085327148,0.01351616159081459,0.16446813941001892
9599.0,0.018476909026503563,0.01845342107117176,0.01773986965417862,0.023785052821040154,6.7249638959765434e-06,0.00019842502661049366,3.305881909909658e-05,1.6800684534246102e-05,0.0007551475428044796,0.0,-0.03610324487090111,-0.0003524498315528035,-0.003797681536525488,0.006853253580629826,59999996.0,-0.0008394562173634768,5.782557337882329e-05,0.3,0.1,-9.530869483947754,0.012498931959271431,0.16184155642986298
9699.0,0.018259353935718536,0.01823417842388153,0.017375413328409195,0.028625478968024254,1.0028672477346845e-05,0.00020410327124409378,3.296684008091688e-05,1.6266247257590294e-05,0.0009087568032555282,0.0,-0.036157187074422836,-0.0003107689553871751,-0.003649270860478282,0.0067298938520252705,59999996.0,-0.0006976129952818155,5.711979028193804e-05,0.3,0.1,-9.519780158996582,0.009226489812135696,0.14182430505752563
9799.0,0.018954256549477577,0.018928352743387222,0.018244769424200058,0.022786125540733337,1.2106929716537707e-05,0.0002049913164228201,3.239202487748116e-05,1.7005355402943678e-05,0.0008912777411751449,0.0,-0.034899547696113586,-0.0002836477942764759,-0.00374579057097435,0.006610511802136898,59999996.0,-0.000759785994887352,5.6413484158519865e-05,0.3,0.1,-9.52025318145752,0.008497083559632301,0.1269301027059555
9899.0,0.018496086820960045,0.01847318932414055,0.01781800016760826,0.021839609369635582,7.411129899992375e-06,0.00019102072110399604,3.1718336686026305e-05,1.63304775924189e-05,0.0007247007451951504,0.0,-0.03466188907623291,-0.0002252607373520732,-0.0036469788756221533,0.006691781338304281,59999996.0,-0.0007501630461774766,5.5706829279035976e-05,0.3,0.1,-9.532025337219238,0.010570148937404156,0.15530754625797272
9999.0,0.018791835755109787,0.018765076994895935,0.017901800572872162,0.028775852173566818,1.2808773135475349e-05,0.00021236581960693002,3.1089432013686746e-05,1.5088902728166431e-05,0.0008948361501097679,0.0,-0.035616740584373474,-0.0002135932445526123,-0.003495241282507777,0.006635677069425583,59999996.0,-0.0007017010939307511,5.5000000000003986e-05,0.3,0.1,-9.53884506225586,0.013275875709950924,0.1644100844860077
10099.0,0.018086396157741547,0.01806430146098137,0.01739482954144478,0.022315718233585358,7.216634458018234e-06,0.00018337488290853798,3.0471621357719414e-05,1.637008426769171e-05,0.0007453772122971714,0.0,-0.03533602133393288,-0.0002585150068625808,-0.0036509691271930933,0.0067474115639925,59999996.0,-0.0006868887576274574,5.429317072097197e-05,0.3,0.1,-9.538298606872559,0.011001537553966045,0.15592879056930542
10199.0,0.018112270161509514,0.018092751502990723,0.017374884337186813,0.02392890676856041,6.043744633643655e-06,0.0001623572752578184,3.0371300454135053e-05,1.4949395335861482e-05,0.0006948590162210166,0.0,-0.03638092428445816,-0.0002327164402231574,-0.003514250973239541,0.006798543967306614,59999996.0,-0.000632571813184768,5.358651584148808e-05,0.3,0.1,-9.54389476776123,0.01261951494961977,0.166280597448349
10299.0,0.018304646015167236,0.018282156437635422,0.017467837780714035,0.027143962681293488,8.166099178197328e-06,0.00018488347996026278,3.069887316087261e-05,1.5347672160714865e-05,0.0007550063310191035,0.0,-0.03508071228861809,-0.00021711690351366997,-0.0035945612471550703,0.006833968684077263,59999996.0,-0.0006156314630061388,5.2880209718069844e-05,0.3,0.1,-9.547836303710938,0.013755165971815586,0.16656237840652466
10399.0,0.01868823729455471,0.018666358664631844,0.017767932265996933,0.029947539791464806,9.495808626525104e-06,0.0001745486370055005,2.8581252990989015e-05,1.599976712896023e-05,0.0007480965577997267,0.0,-0.03446262702345848,-0.00022703607100993395,-0.0036186908837407827,0.006710072048008442,59999996.0,-0.0005897546652704477,5.217442662118461e-05,0.3,0.1,-9.541013717651367,0.010136071592569351,0.15104198455810547
10499.0,0.018566150218248367,0.018546367064118385,0.017463574185967445,0.036093104630708694,7.649354301975109e-06,0.00015953257388900965,2.8982663934584707e-05,1.6037547538871877e-05,0.0007015822338871658,0.0,-0.03452006354928017,-0.00024543830659240484,-0.0035858687479048967,0.006551472004503012,59999996.0,-0.0005413844482973218,5.146934069225063e-05,0.3,0.1,-9.544489860534668,0.010310264304280281,0.15245872735977173
10599.0,0.018462184816598892,0.018442807719111443,0.017516743391752243,0.030868826434016228,5.9177159528189804e-06,0.0001608960737939924,2.9454937248374335e-05,1.6924168448895216e-05,0.0006371003109961748,0.0,-0.03450542315840721,-0.0002489160979166627,-0.00374097703024745,0.006675001699477434,59999996.0,-0.000560735643375665,5.076512590067036e-05,0.3,0.1,-9.538025856018066,0.00841553695499897,0.12964707612991333
10699.0,0.01831100322306156,0.018289610743522644,0.017638038843870163,0.021719053387641907,8.859418812789954e-06,0.00017114737420342863,2.7293626772006974e-05,1.6021309420466423e-05,0.0007913696463219821,0.0,-0.0350508950650692,-0.00021497276611626148,-0.0036168559454381466,0.006630310323089361,59999996.0,-0.0005200545419938862,5.006195600090643e-05,0.3,0.1,-9.548864364624023,0.010302070528268814,0.14957937598228455
10799.0,0.018374044448137283,0.018355244770646095,0.017764106392860413,0.01970461942255497,5.926295671088155e-06,0.00015562800399493426,2.766482430160977e-05,1.617618545424193e-05,0.0006236328626982868,0.0,-0.03532661497592926,-0.00022928498219698668,-0.003645470831543207,0.006634080316871405,59999996.0,-0.000552512239664793,4.936000448960972e-05,0.3,0.1,-9.546832084655762,0.009319370612502098,0.13973310589790344
10899.0,0.018660150468349457,0.018641488626599312,0.017912425100803375,0.024302147328853607,6.8693834691657685e-06,0.00015084672486409545,2.6214660465484485e-05,1.623790740268305e-05,0.0006787731545045972,0.0,-0.03359413146972656,-0.00022568856365978718,-0.0036480810958892107,0.006696503143757582,59999996.0,-0.000553969934117049,4.8659444562812117e-05,0.3,0.1,-9.551681518554688,0.010185768827795982,0.1494268774986267
10999.0,0.018513860180974007,0.01849375292658806,0.017617017030715942,0.02922452799975872,7.514870958402753e-06,0.0001626302837394178,2.7522513846633956e-05,1.6715530364308506e-05,0.0007263040752150118,0.0,-0.03504969924688339,-0.00022211822215467691,-0.0037807365879416466,0.006818830966949463,59999996.0,-0.0005248976522125304,4.7960449073192906e-05,0.3,0.1,-9.558700561523438,0.012124820612370968,0.15810450911521912
11099.0,0.018702059984207153,0.01868063397705555,0.01800050213932991,0.022671066224575043,9.359015166410245e-06,0.00017044652486220002,2.5854094928945415e-05,1.6326004697475582e-05,0.0007322893361561,0.0,-0.033942803740501404,-0.00017203495372086763,-0.0036663191858679056,0.0067461575381457806,59999996.0,-0.0005447064759209752,4.726319048742981e-05,0.3,0.1,-9.549397468566895,0.00880454108119011,0.13606996834278107
11199.0,0.018386714160442352,0.018368693068623543,0.01759534329175949,0.02577834390103817,6.012200174154714e-06,0.00014745790394954383,2.706683699216228e-05,1.656416861806065e-05,0.0006149551481939852,0.0,-0.03414608910679817,-0.00022243917919695377,-0.003685810137540102,0.006619518622756004,59999996.0,-0.0005333989975042641,4.656784084364558e-05,0.3,0.1,-9.552452087402344,0.009327120147645473,0.14106763899326324
11299.0,0.01820610649883747,0.018186500295996666,0.017503447830677032,0.02276839129626751,9.863100785878487e-06,0.0001504679530626163,2.566690818639472e-05,1.69211343745701e-05,0.0007276164833456278,0.0,-0.03545854985713959,-0.00020279106684029102,-0.003763376735150814,0.00674124201759696,59999996.0,-0.0005772709846496582,4.587457170896009e-05,0.3,0.1,-9.555596351623535,0.009345736354589462,0.1403156816959381
11399.0,0.01868380233645439,0.018664095550775528,0.01792334020137787,0.02469181828200817,7.2027337409963366e-06,0.0001589937455719337,2.5888868549373e-05,1.636172783037182e-05,0.0008029380114749074,0.0,-0.03484403342008591,-0.0002139117568731308,-0.0036753586027771235,0.0067153675481677055,59999996.0,-0.0005173643003217876,4.51835541371587e-05,0.3,0.1,-9.55886173248291,0.009777895174920559,0.14535245299339294
11499.0,0.019335223361849785,0.019312970340251923,0.018560323864221573,0.025088198482990265,1.0596267202345189e-05,0.00017438677605241537,2.4885963284759782e-05,1.633233841857873e-05,0.0007946411496959627,0.0,-0.03385276719927788,-0.00020081910770386457,-0.003737332997843623,0.006837189197540283,59999996.0,-0.0005507161258719862,4.4494958626487305e-05,0.3,0.1,-9.556291580200195,0.008360198698937893,0.1260536015033722
11599.0,0.018959421664476395,0.01893872395157814,0.018112078309059143,0.02755482867360115,1.076134776667459e-05,0.00015873082156758755,2.5052435375982895e-05,1.5633055227226578e-05,0.0007894290611147881,0.0,-0.033625394105911255,-0.00020118907559663057,-0.0035230591893196106,0.006538097746670246,59999996.0,-0.0005779043422080576,4.380895507758448e-05,0.3,0.1,-9.55783462524414,0.008259723894298077,0.12225007265806198
11699.0,0.01859091781079769,0.018574194982647896,0.017855092883110046,0.023970089852809906,5.1586680456239264e-06,0.00013777153799310327,2.4289674911415204e-05,1.5810779586900026e-05,0.0005839114310219884,0.0,-0.034186411648988724,-0.00018639490008354187,-0.003615188179537654,0.006733251735568047,59999996.0,-0.0005243330961093307,4.31257127515611e-05,0.3,0.1,-9.558257102966309,0.008750006556510925,0.1362273395061493
11799.0,0.017897747457027435,0.017877792939543724,0.017143715173006058,0.024469254538416862,1.1177411579410546e-05,0.00014992975047789514,2.56999337580055e-05,1.5596806406392716e-05,0.0008032478508539498,0.0,-0.033988695591688156,-0.00017389364074915648,-0.0035263861063867807,0.006555044092237949,59999996.0,-0.0005182516761124134,4.244540022823747e-05,0.3,0.1,-9.566390037536621,0.010723862797021866,0.1491667926311493
11899.0,0.018293581902980804,0.018275249749422073,0.017456460744142532,0.02729298174381256,8.934470315580256e-06,0.00014129755436442792,2.4256900360342115e-05,1.6211199181270786e-05,0.0006868729833513498,0.0,-0.035016462206840515,-0.00017956213559955359,-0.0036414030473679304,0.006688187830150127,59999996.0,-0.0005480750114656985,4.1768185364549065e-05,0.3,0.1,-9.57507610321045,0.01208628062158823,0.16076982021331787
11999.0,0.018845530226826668,0.018828868865966797,0.01800558902323246,0.027442652732133865,7.12217024556594e-06,0.00013081275392323732,2.4749682779656723e-05,1.599109782546293e-05,0.0006197637994773686,0.0,-0.033080391585826874,-0.0001894066808745265,-0.003591270186007023,0.0065794652327895164,59999996.0,-0.0004922582302242517,4.109423525313008e-05,0.3,0.1,-9.564908027648926,0.009285836480557919,0.1420482099056244
12099.0,0.018822642043232918,0.018805336207151413,0.01798136532306671,0.02746570110321045,7.301208370336099e-06,0.00013706006575375795,2.5080120394704863e-05,1.549078297102824e-05,0.000610867515206337,0.0,-0.03385884687304497,-0.00016339914873242378,-0.003588286694139242,0.006747195962816477,59999996.0,-0.00043795298552140594,4.042371618108598e-05,0.3,0.1,-9.566788673400879,0.009211400523781776,0.13577502965927124
12199.0,0.01866624876856804,0.018648488447070122,0.01782700978219509,0.027382612228393555,9.730373676575255e-06,0.00013389081868808717,2.36593623412773e-05,1.4993696822784841e-05,0.0006805731100030243,0.0,-0.03401853144168854,-0.00015165749937295914,-0.003485374618321657,0.0066893817856907845,59999996.0,-0.00045425238204188645,3.975679358896469e-05,0.3,0.1,-9.566930770874023,0.008842689916491508,0.13622711598873138
12299.0,0.019051648676395416,0.019034896045923233,0.01827506721019745,0.025327641516923904,7.109546913852682e-06,0.00013160430535208434,2.4135579224093817e-05,1.6024881915654987e-05,0.0006358558312058449,0.0,-0.034931790083646774,-0.00017156649846583605,-0.003633801592513919,0.006718785036355257,59999996.0,-0.000520691042765975,3.909363202993632e-05,0.3,0.1,-9.56802749633789,0.008200647309422493,0.12675713002681732
12399.0,0.018424609676003456,0.018409201875329018,0.01737242564558983,0.03455919399857521,5.1335423449927475e-06,0.00012538270675577223,2.4050805222941563e-05,1.5455927496077493e-05,0.0005330950953066349,0.0,-0.03388603776693344,-0.00017031060997396708,-0.003518098033964634,0.006623747758567333,59999996.0,-0.0006083855405449867,3.843439512919247e-05,0.3,0.1,-9.57095718383789,0.009485027752816677,0.1454896330833435
12499.0,0.01861034706234932,0.018593676388263702,0.017860351130366325,0.024444155395030975,6.4372534325229935e-06,0.00013257359387353063,2.4107019271468744e-05,1.5975376300048083e-05,0.0006602184730581939,0.0,-0.034438733011484146,-0.0001883378718048334,-0.003680213587358594,0.006859461776912212,59999996.0,-0.0005650309612974524,3.7779245543574045e-05,0.3,0.1,-9.581077575683594,0.011759339831769466,0.16650262475013733
12599.0,0.018144579604268074,0.01812746375799179,0.017503704875707626,0.020791947841644287,7.0042624429333955e-06,0.00013567878340836614,2.3885286282165907e-05,1.5799780157976784e-05,0.0006337850354611874,0.0,-0.03343340381979942,-0.0001631870400160551,-0.0036257700994610786,0.006857043597847223,59999996.0,-0.0005318469484336674,3.7128344921438085e-05,0.3,0.1,-9.57509994506836,0.010153673589229584,0.14332275092601776
12699.0,0.0188728217035532,0.018857501447200775,0.018058791756629944,0.026623625308275223,6.2314766182680614e-06,0.00012081185559509322,2.4376233341172338e-05,1.537398566142656e-05,0.0005755140446126461,0.0,-0.03510250151157379,-0.0001543945400044322,-0.0035740132443606853,0.00684261042624712,59999996.0,-0.0005490141920745373,3.648185386277341e-05,0.3,0.1,-9.572918891906738,0.008925382979214191,0.13495121896266937
12799.0,0.018407126888632774,0.01838875561952591,0.017638910561800003,0.02499481290578842,9.990659236791544e-06,0.00013795343693345785,2.412010871921666e-05,1.5888444977463223e-05,0.0007591615431010723,0.0,-0.034781862050294876,-0.0001636322122067213,-0.003685195464640856,0.0070120892487466335,59999996.0,-0.0005647894577123225,3.5839931879575133e-05,0.3,0.1,-9.58668041229248,0.01265964936465025,0.17311303317546844
12899.0,0.01865401118993759,0.018638385459780693,0.017888184636831284,0.025006694719195366,5.176502781978343e-06,0.00012707937275990844,2.4916360416682437e-05,1.5680572687415406e-05,0.0005556283867917955,0.0,-0.03404390439391136,-0.00015877792611718178,-0.0036266373936086893,0.0068656885996460915,59999996.0,-0.0005520066479220986,3.520273735648729e-05,0.3,0.1,-9.57520866394043,0.009678516536951065,0.14281576871871948
12999.0,0.018294118344783783,0.018276754766702652,0.01747850328683853,0.026608360931277275,1.0203815691056661e-05,0.000128425337607041,2.4091656086966395e-05,1.5527988580288365e-05,0.0006589918048121035,0.0,-0.03461237996816635,-0.0001452299766242504,-0.0036182058975100517,0.006918107625097036,59999996.0,-0.0005548321641981602,3.457042751172391e-05,0.3,0.1,-9.588281631469727,0.014012985862791538,0.1791832447052002
13099.0,0.018823636695742607,0.018804214894771576,0.018007824197411537,0.02654637210071087,1.0128166650247294e-05,0.00014791000285185874,2.5660148821771145e-05,1.5353674825746566e-05,0.0007988057332113385,0.0,-0.03463008627295494,-0.00014752720016986132,-0.0035861260257661343,0.006877224892377853,59999996.0,-0.000518620538059622,3.394315835827777e-05,0.3,0.1,-9.577187538146973,0.009474547579884529,0.14482024312019348
13199.0,0.01820952817797661,0.018189188092947006,0.017446381971240044,0.024760214611887932,1.0351013770559803e-05,0.00015642790822312236,2.595121259219013e-05,1.579412491992116e-05,0.000776088098064065,0.0,-0.03472316265106201,-0.00014321599155664444,-0.0036727916449308395,0.006990413181483746,59999996.0,-0.0005203472101129591,3.332108466542645e-05,0.3,0.1,-9.578313827514648,0.01040109433233738,0.15331260859966278
13299.0,0.018690109252929688,0.018674524500966072,0.01784810796380043,0.027547216042876244,4.9986715566774365e-06,0.00012735198833979666,2.7692687581293285e-05,1.5346093277912587e-05,0.0005552977090701461,0.0,-0.035147447139024734,-0.00014646025374531746,-0.0036251177079975605,0.00702963350340724,59999996.0,-0.0004654135263990611,3.2704359920545364e-05,0.3,0.1,-9.578620910644531,0.010511478409171104,0.1500054895877838
13399.0,0.018797384575009346,0.018778152763843536,0.01808937080204487,0.022959377616643906,6.117982593423221e-06,0.0001597200462128967,2.8851209208369255e-05,1.5505884221056476e-05,0.000621990708168596,0.0,-0.0359247662127018,-0.00013418553862720728,-0.0036603861954063177,0.007091480307281017,59999996.0,-0.0005494230426847935,3.209313629123706e-05,0.3,0.1,-9.58134937286377,0.01189942006021738,0.1759786307811737
13499.0,0.01888336054980755,0.018863461911678314,0.01798948273062706,0.029132654890418053,7.773740435368381e-06,0.00016086726100184023,3.116723382845521e-05,1.5188452380243689e-05,0.0006886284099891782,0.0,-0.036404673010110855,-0.00013757869601249695,-0.003633860033005476,0.007086285389959812,59999996.0,-0.0005157222039997578,3.148756458778616e-05,0.3,0.1,-9.578014373779297,0.011203396134078503,0.17079152166843414
13599.0,0.018401596695184708,0.018378950655460358,0.017656564712524414,0.02407955937087536,7.893073416198604e-06,0.00018685436225496233,3.554822615114972e-05,1.5147335943765938e-05,0.0007985525880940259,0.0,-0.03624068200588226,-0.000117145711556077,-0.0035957233048975468,0.007059744093567133,59999996.0,-0.0005281203775666654,3.0887794225949064e-05,0.3,0.1,-9.582584381103516,0.013309485279023647,0.1878816783428192
13699.0,0.018211886286735535,0.018184756860136986,0.017510414123535156,0.022478079423308372,1.146167232946027e-05,0.0002187706413678825,4.150804306846112e-05,1.5428227925440297e-05,0.0010013760766014457,0.0,-0.03697730228304863,-0.00013136269990354776,-0.0036630805116146803,0.007233137730509043,59999996.0,-0.0005905681173317134,3.029397319008805e-05,0.3,0.1,-9.587010383605957,0.01603044383227825,0.2219150960445404
13799.0,0.018647054210305214,0.018618624657392502,0.0177333764731884,0.029508300125598907,1.2770768080372363e-05,0.00022620588424615562,5.34891223651357e-05,1.6836163922562264e-05,0.0010826250072568655,0.0,-0.03795338794589043,-0.00013453373685479164,-0.003918840084224939,0.007653166074305773,59999996.0,-0.0005344627425074577,2.970624799665816e-05,0.3,0.1,-9.572704315185547,0.014007067307829857,0.19572997093200684
13899.0,0.018547121435403824,0.01851605251431465,0.01775415614247322,0.02539653703570366,1.727725611999631e-05,0.0002378706558374688,7.430213736370206e-05,1.7035885321092792e-05,0.001171198091469705,0.0,-0.03927953541278839,-0.00012071582023054361,-0.003943075891584158,0.007845960557460785,59999996.0,-0.0006596375606022775,2.9124763658056558e-05,0.3,0.1,-9.569347381591797,0.015976956114172935,0.22486935555934906
13999.0,0.017991282045841217,0.017946962267160416,0.017305683344602585,0.02137594297528267,2.3486132704420015e-05,0.0003454304242040962,9.717806096887216e-05,1.797734876163304e-05,0.0017344821244478226,0.0,-0.040072955191135406,-0.0001170916948467493,-0.0040453094989061356,0.008085192181169987,59999996.0,-0.0007312093512155116,2.854966364684285e-05,0.3,0.1,-9.568534851074219,0.018904704600572586,0.2818044424057007
14099.0,0.01904439553618431,0.019002271816134453,0.018260164186358452,0.02473689429461956,1.8510754671297036e-05,0.00034018087899312377,0.00013221657718531787,1.9202601833967492e-05,0.0014622524613514543,0.0,-0.04088222607970238,-0.00012740364763885736,-0.004195875022560358,0.008345646783709526,59999996.0,-0.0008889986202120781,2.7981089860339413e-05,0.3,0.1,-9.5604829788208,0.020753642544150352,0.2906026244163513
14199.0,0.018523715436458588,0.01847730576992035,0.017718687653541565,0.025287246331572533,2.3026759663480334e-05,0.0003678905195556581,0.0001522371603641659,1.807259650377091e-05,0.0016564574325457215,0.0,-0.04132195934653282,-0.00010141532402485609,-0.004043594002723694,0.008318726904690266,59999996.0,-0.0010284270392730832,2.7419182585620305e-05,0.3,0.1,-9.55053997039795,0.021227365359663963,0.3094451427459717
14299.0,0.017856746912002563,0.017806926742196083,0.017153548076748848,0.021779311820864677,3.2776624721009284e-05,0.0003697179490700364,0.00019921950297430158,1.827546293498017e-05,0.00190233055036515,0.0,-0.04188951104879379,-8.129898924380541e-05,-0.004068445414304733,0.008461792953312397,59999996.0,-0.0012225230457261205,2.6864080464897514e-05,0.3,0.1,-9.54969596862793,0.028021669015288353,0.374232679605484
14399.0,0.018125977367162704,0.018069203943014145,0.017294691875576973,0.02581709995865822,4.857254316448234e-05,0.0003860115248244256,0.0002265821531182155,1.7434664187021554e-05,0.0025020844768732786,0.0,-0.0418020561337471,-7.241521961987019e-05,-0.003958881366997957,0.008403085172176361,59999996.0,-0.0014074803330004215,2.631592046131323e-05,0.3,0.1,-9.53475570678711,0.02513182908296585,0.35872867703437805
14499.0,0.018395017832517624,0.018345557153224945,0.017576690763235092,0.025628892704844475,4.444401929504238e-05,0.00032967375591397285,0.00026451796293258667,1.7850079530035146e-05,0.002004544949159026,0.0,-0.04204916954040527,-5.3546857088804245e-05,-0.003984907642006874,0.00858589168637991,59999996.0,-0.0016295254463329911,2.5774837825146067e-05,0.3,0.1,-9.528331756591797,0.02705058827996254,0.3782450258731842
14599.0,0.01811722293496132,0.018055109307169914,0.017318347468972206,0.02455873414874077,6.254028266994283e-05,0.0003930092207156122,0.0002837907231878489,1.7562688299221918e-05,0.002889444353058934,0.0,-0.042309150099754333,-5.338038317859173e-05,-0.003972734324634075,0.008719372563064098,59999996.0,-0.0017788439290598035,2.524096606043998e-05,0.3,0.1,-9.523337364196777,0.029948635026812553,0.4079127311706543
14699.0,0.018243128433823586,0.018185554072260857,0.01746455766260624,0.024033214896917343,3.374143489054404e-05,0.0004406939260661602,0.00031018705340102315,1.70284001796972e-05,0.0022201351821422577,0.0,-0.04192458465695381,-3.976328298449516e-05,-0.003816929878666997,0.008584341034293175,59999996.0,-0.0019207376753911376,2.4714436892064377e-05,0.3,0.1,-9.511792182922363,0.029784107580780983,0.377995103597641
14799.0,0.018595309928059578,0.018522657454013824,0.017542460933327675,0.032673198729753494,4.541316593531519e-05,0.0005517933750525117,0.0003370269841980189,1.492927458457416e-05,0.002765123499557376,0.0,-0.041935380548238754,-3.852194640785456e-05,-0.0036414379719644785,0.008477870374917984,59999996.0,-0.0020883632823824883,2.419538023321303e-05,0.3,0.1,-9.499407768249512,0.029872490093111992,0.4211398959159851
14899.0,0.018341170623898506,0.01826494187116623,0.017446480691432953,0.02728203684091568,6.855995889054611e-05,0.0005100914277136326,0.00034357502590864897,1.5023260857560672e-05,0.003559933975338936,0.0,-0.04201658070087433,-2.9859831556677818e-05,-0.0036593603435903788,0.008586724288761616,59999996.0,-0.002196900313720107,2.3683924153349783e-05,0.3,0.1,-9.49594497680664,0.02666565589606762,0.3690509796142578
14999.0,0.018510635942220688,0.0184459425508976,0.0177884753793478,0.021915584802627563,6.266684795264155e-05,0.0004187568265479058,0.00035555148497223854,1.5380595868919045e-05,0.002892305376008153,0.0,-0.04232128709554672,-2.9659713618457317e-05,-0.0036608856171369553,0.008663605898618698,59999996.0,-0.002302426379173994,2.3180194846609155e-05,0.3,0.1,-9.497091293334961,0.02815691940486431,0.36020177602767944
15099.0,0.01882239803671837,0.018746957182884216,0.017765214666724205,0.03272475302219391,7.149935117922723e-05,0.0004972267197445035,0.000401255558244884,1.4794673006690573e-05,0.0031278361566364765,0.0,-0.041357915848493576,-2.628855872899294e-05,-0.003545796498656273,0.00859813578426838,59999996.0,-0.002401048317551613,2.2684316600660153e-05,0.3,0.1,-9.479035377502441,0.03054196946322918,0.37555286288261414
15199.0,0.018205905333161354,0.018136518076062202,0.01727868989109993,0.028594300150871277,7.439155160682276e-05,0.00043063852353952825,0.00043039603042416275,1.484014774177922e-05,0.002832715632393956,0.0,-0.0418054573237896,-4.85533382743597e-06,-0.0036520236171782017,0.008841495029628277,59999996.0,-0.0024997079744935036,2.219641176604e-05,0.3,0.1,-9.467750549316406,0.034499410539865494,0.4203699827194214
15299.0,0.018969886004924774,0.018887631595134735,0.017980821430683136,0.03022703155875206,8.082797285169363e-05,0.0005291660781949759,0.00042673861025832593,1.383707785862498e-05,0.003973284736275673,0.0,-0.0422963984310627,-2.06890981644392e-05,-0.0034168106503784657,0.00851681362837553,59999996.0,-0.002600298495963216,2.171660072596596e-05,0.3,0.1,-9.46008586883545,0.033407166600227356,0.3888469636440277
15399.0,0.018237145617604256,0.018155688419938087,0.01743250899016857,0.024105999618768692,8.974333468358964e-05,0.0004939526552334428,0.000480786373373121,1.4150957213132642e-05,0.003950015641748905,0.0,-0.04182729870080948,-1.2865872122347355e-05,-0.0034900768660008907,0.008670030161738396,59999996.0,-0.002639129525050521,2.1245001866632578e-05,0.3,0.1,-9.456737518310547,0.03233373537659645,0.3921988010406494
15499.0,0.01815803349018097,0.018092498183250427,0.01734776422381401,0.024824460968375206,4.519342473940924e-05,0.00048395240446552634,0.00045970443170517683,1.388524287904147e-05,0.002426592633128166,0.0,-0.04155835136771202,-2.2332998923957348e-05,-0.003425861708819866,0.008594746701419353,59999996.0,-0.002665339270606637,2.0781731548001737e-05,0.3,0.1,-9.443893432617188,0.03812962770462036,0.4229380190372467
15599.0,0.017697995528578758,0.017588162794709206,0.016830142587423325,0.025267358869314194,9.659829083830118e-05,0.0007428773678839207,0.0004764156765304506,1.2861253708251752e-05,0.005446390714496374,0.0,-0.040965549647808075,-1.1976808309555054e-05,-0.0033146694768220186,0.008393649943172932,59999996.0,-0.00271006696857512,2.032690407509248e-05,0.3,0.1,-9.441814422607422,0.03700436279177666,0.45498189330101013
15699.0,0.017996283248066902,0.01791873201727867,0.017106514424085617,0.02707388997077942,7.04466801835224e-05,0.0005196614656597376,0.0004971176385879517,1.567044819239527e-05,0.0031699531245976686,0.0,-0.04189673438668251,-1.4668330550193787e-06,-0.0035882818046957254,0.008936104364693165,59999996.0,-0.002793388208374381,1.9880631669778047e-05,0.3,0.1,-9.436573028564453,0.03633909299969673,0.4148447513580322
15799.0,0.018033603206276894,0.017967235296964645,0.01721809059381485,0.024971475824713707,5.2306011639302596e-05,0.00047065666876733303,0.0005007765139453113,1.352571325696772e-05,0.0024345784913748503,0.0,-0.03996731713414192,-5.692825652658939e-06,-0.003421320579946041,0.008635073900222778,59999996.0,-0.002812927821651101,1.9443024443096686e-05,0.3,0.1,-9.431888580322266,0.03746434301137924,0.43221601843833923
15899.0,0.0187543872743845,0.01867457665503025,0.017906835302710533,0.025591356679797173,8.306186646223068e-05,0.0005070597981102765,0.0005380652146413922,1.233268812939059e-05,0.003030875464901328,0.0,-0.039866186678409576,7.560243830084801e-06,-0.003247239626944065,0.008409609086811543,59999996.0,-0.0028647142462432384,1.901419036808355e-05,0.3,0.1,-9.450255393981934,0.036517251282930374,0.38504210114479065
15999.0,0.018171219155192375,0.018092388287186623,0.017442069947719574,0.021677296608686447,7.154137711040676e-05,0.0005317737814038992,0.0005325325182639062,1.296866230404703e-05,0.0030098992865532637,0.0,-0.04000586271286011,-2.129038330167532e-05,-0.003287180094048381,0.008503308519721031,59999996.0,-0.0029216986149549484,1.8594235253129882e-05,0.3,0.1,-9.420333862304688,0.0431005023419857,0.4642944633960724
16099.0,0.018520614132285118,0.01842178776860237,0.017661619931459427,0.025338945910334587,0.00012126962246838957,0.0005645221099257469,0.0005560769932344556,1.114485985453939e-05,0.0048776776529848576,0.0,-0.04060947522521019,-2.231774851679802e-05,-0.0030949919018894434,0.008261770941317081,59999996.0,-0.0029729725793004036,1.8183262715876335e-05,0.3,0.1,-9.416725158691406,0.0438818484544754,0.47908711433410645
16199.0,0.018191613256931305,0.0180957093834877,0.017376011237502098,0.023989908397197723,0.00011124955926788971,0.0005676866276189685,0.0005708154640160501,1.0365607522544451e-05,0.0046728323213756084,0.0,-0.04085715860128403,-2.4246517568826675e-05,-0.00296760187484324,0.008085647597908974,59999996.0,-0.002943433588370681,1.7781374157646995e-05,0.3,0.1,-9.438117027282715,0.03726742044091225,0.40227410197257996
16299.0,0.01847180537879467,0.01839173398911953,0.01750505343079567,0.029556043446063995,6.803472933825105e-05,0.0005564336315728724,0.0006042583263479173,1.0866412594623398e-05,0.0028711005579680204,0.0,-0.04115098714828491,-2.2802152670919895e-05,-0.003037486458197236,0.008294529281556606,59999996.0,-0.0029819337651133537,1.738866873842999e-05,0.3,0.1,-9.410876274108887,0.04584098234772682,0.4856760501861572
16399.0,0.019142283126711845,0.01905316486954689,0.01820416748523712,0.028299935162067413,7.335659756790847e-05,0.0006252869497984648,0.0006327450973913074,8.696025361132342e-06,0.003515370888635516,0.0,-0.0411684550344944,-1.6476726159453392e-05,-0.0027002650313079357,0.007937010377645493,59999996.0,-0.0030039120465517044,1.7005243352411367e-05,0.3,0.1,-9.407264709472656,0.04243101179599762,0.451322078704834
16499.0,0.017975477501749992,0.017888560891151428,0.017145633697509766,0.02476423792541027,7.132042082957923e-05,0.0006133026327006519,0.0007033717702142894,8.595740837336052e-06,0.003056009067222476,0.0,-0.04200860485434532,-1.9638915546238422e-05,-0.0027265849057585,0.008160950616002083,59999996.0,-0.0030101737938821316,1.6631192604067783e-05,0.3,0.1,-9.397856712341309,0.045099902898073196,0.513005256652832
16599.0,0.018485305830836296,0.018392546102404594,0.017574582248926163,0.027265474200248718,9.255689656129107e-05,0.0006042170571163297,0.0007124657277017832,9.123646123043727e-06,0.0034011409152299166,0.0,-0.04198078066110611,-1.8008635379374027e-05,-0.002758598420768976,0.008288857527077198,59999996.0,-0.0030093055684119463,1.6266608784824354e-05,0.3,0.1,-9.396404266357422,0.045125123113393784,0.5015003681182861
16699.0,0.01854587346315384,0.01842239685356617,0.01761065050959587,0.027058226987719536,0.00014276994625106454,0.0007347585633397102,0.0007890033884905279,8.958531907410361e-06,0.0059332652017474174,0.0,-0.04289522394537926,-1.2843403965234756e-05,-0.0027188542298972607,0.008314182981848717,59999996.0,-0.002953432034701109,1.591158185028312e-05,0.3,0.1,-9.403457641601562,0.04480016976594925,0.4718679189682007
16799.0,0.01860368251800537,0.018510974943637848,0.017831221222877502,0.022658472880721092,9.568887617206201e-05,0.0005944791482761502,0.0007890317938290536,9.01333442016039e-06,0.0033111379016190767,0.0,-0.042602308094501495,-1.355388667434454e-05,-0.002743668854236603,0.00837583839893341,59999996.0,-0.0029506776481866837,1.556619939802778e-05,0.3,0.1,-9.38640022277832,0.0619010329246521,0.5580182075500488
16899.0,0.01843593828380108,0.01832010969519615,0.0175919309258461,0.024272603914141655,9.294887422583997e-05,0.000826454721391201,0.0007967972196638584,8.78242735780077e-06,0.004062225576490164,0.0,-0.042929042130708694,1.857290044426918e-06,-0.0027639400213956833,0.008486611768603325,59999996.0,-0.0029348882380872965,1.5230546646010342e-05,0.3,0.1,-9.396296501159668,0.04719289392232895,0.4965331554412842
16999.0,0.018240835517644882,0.018136126920580864,0.017196228727698326,0.03132996708154678,9.595748269930482e-05,0.0007074042223393917,0.0008065116126090288,8.451827852695715e-06,0.00395326828584075,0.0,-0.042799875140190125,-1.7472892068326473e-05,-0.0026760436594486237,0.008297416381537914,59999996.0,-0.0028778028208762407,1.4904706411524889e-05,0.3,0.1,-9.391535758972168,0.04765697568655014,0.5069661140441895
17099.0,0.0184614360332489,0.018353460356593132,0.01747831515967846,0.029171504080295563,0.0001238553086295724,0.0006515590939670801,0.0008303706417791545,8.740134035178926e-06,0.004395339172333479,0.0,-0.04310978576540947,-1.4688470400869846e-05,-0.002709205262362957,0.008351295255124569,59999996.0,-0.002879991428926587,1.458875909077365e-05,0.3,0.1,-9.388920783996582,0.049336280673742294,0.5219419002532959
17199.0,0.018280236050486565,0.018173854798078537,0.017421569675207138,0.025076191872358322,0.00010112403833772987,0.0007069045677781105,0.0008200748125091195,8.825978511595167e-06,0.004092882853001356,0.0,-0.043278131633996964,-8.394476026296616e-06,-0.002729178173467517,0.008417997509241104,59999996.0,-0.0028205339331179857,1.4282782639030392e-05,0.3,0.1,-9.390175819396973,0.046759989112615585,0.5084844827651978
17299.0,0.019037559628486633,0.018937798216938972,0.01804087683558464,0.029897354543209076,0.00012949196388944983,0.0005545490421354771,0.000870042887981981,8.884433555067517e-06,0.004146430175751448,0.0,-0.04322732239961624,-1.7348327673971653e-05,-0.0027183101046830416,0.008357810787856579,59999996.0,-0.002814980922266841,1.3986852551406142e-05,0.3,0.1,-9.383100509643555,0.05229025334119797,0.5321395397186279
17399.0,0.018252059817314148,0.018137598410248756,0.01726488210260868,0.029090557247400284,0.00014157849363982677,0.000654626521281898,0.0008427111315540969,8.435889867541846e-06,0.005261185113340616,0.0,-0.043177202343940735,-1.390825491398573e-05,-0.002690528519451618,0.0083309356123209,59999996.0,-0.0027915560640394688,1.3701041844221931e-05,0.3,0.1,-9.379634857177734,0.06197522580623627,0.5849776864051819
17499.0,0.018159160390496254,0.018038829788565636,0.017321854829788208,0.0238991379737854,0.00011716825974872336,0.0007925082463771105,0.0008366442052647471,8.746812454774044e-06,0.004656830336898565,0.0,-0.04322312772274017,-2.0172446966171265e-05,-0.0026923862751573324,0.008295443840324879,59999996.0,-0.0027477433905005455,1.34254210369931e-05,0.3,0.1,-9.379908561706543,0.05681363493204117,0.565733015537262
17599.0,0.01850057952105999,0.01839030347764492,0.017629584297537804,0.025357328355312347,9.900656004901975e-05,0.0007533234311267734,0.0008401512168347836,9.522104846837465e-06,0.003923716954886913,0.0,-0.043434206396341324,-1.7420155927538872e-05,-0.00276524038054049,0.008461262099444866,59999996.0,-0.0027456781826913357,1.3160058135029623e-05,0.3,0.1,-9.407539367675781,0.046788036823272705,0.4840601980686188
17699.0,0.01817781664431095,0.01807730458676815,0.017375580966472626,0.023390797898173332,9.368365863338113e-05,0.0006741745164617896,0.0008199361036531627,9.013683666125871e-06,0.0037204367108643055,0.0,-0.043708331882953644,-1.8615159206092358e-05,-0.0027651023119688034,0.008449985645711422,59999996.0,-0.0027175038121640682,1.2905018612656839e-05,0.3,0.1,-9.380240440368652,0.0572577640414238,0.5453651547431946
17799.0,0.018084844574332237,0.017984971404075623,0.017130255699157715,0.028490539640188217,0.00013418971502687782,0.0005404683761298656,0.0008459051605314016,9.362055607198272e-06,0.004256952553987503,0.0,-0.043866679072380066,-1.845485530793667e-05,-0.0028418332803994417,0.008629878982901573,59999996.0,-0.0026777563616633415,1.2660365397060652e-05,0.3,0.1,-9.399229049682617,0.05022758990526199,0.528222918510437
17899.0,0.01847662776708603,0.01838286779820919,0.017598722130060196,0.02613818272948265,9.595119627192616e-05,0.000601581996306777,0.0008268660167232156,8.467819498036988e-06,0.0035664141178131104,0.0,-0.04397854581475258,-1.9957427866756916e-05,-0.0027425100561231375,0.00840503629297018,59999996.0,-0.002651861170306802,1.2426158852761187e-05,0.3,0.1,-9.39010238647461,0.05329697206616402,0.5276865363121033
17999.0,0.0180234182626009,0.01793328858911991,0.017167426645755768,0.02552872896194458,0.00012220045027788728,0.0004839084285777062,0.000855504535138607,9.147322998614982e-06,0.00376407359726727,0.0,-0.04384421929717064,-2.0465231500566006e-05,-0.0027505340985953808,0.008396545425057411,59999996.0,-0.0026486609131097794,1.2202456766718747e-05,0.3,0.1,-9.381601333618164,0.06616032123565674,0.5985919237136841
18099.0,0.018627602607011795,0.018554039299488068,0.017735978588461876,0.027268722653388977,9.004470484796911e-05,0.0004287792253307998,0.0008381344377994537,9.603949365555309e-06,0.0023519147653132677,0.0,-0.04383554682135582,-2.3620668798685074e-05,-0.0029039133805781603,0.008687064982950687,59999996.0,-0.00262179272249341,1.198931433407574e-05,0.3,0.1,-9.390165328979492,0.05299407243728638,0.525225818157196
18199.0,0.018053758889436722,0.01796776056289673,0.01727643981575966,0.02304399386048317,0.00010620801913319156,0.0004969988367520273,0.0008437588112428784,9.012783266371116e-06,0.003142448142170906,0.0,-0.04403330385684967,-2.1543470211327076e-05,-0.002759117865934968,0.008442352525889874,59999996.0,-0.002594428602606058,1.1786784144538104e-05,0.3,0.1,-9.381662368774414,0.05829119309782982,0.5533992648124695
18299.0,0.018758444115519524,0.01867678202688694,0.017920201644301414,0.02521936595439911,0.00010462896898388863,0.000461524905404076,0.00083497678861022,8.506881385983434e-06,0.0028617605566978455,0.0,-0.04394904151558876,-2.1828338503837585e-05,-0.0027141699101775885,0.008324469439685345,59999996.0,-0.0025226285215467215,1.1594916169399566e-05,0.3,0.1,-9.381101608276367,0.05899104103446007,0.5566867589950562
18399.0,0.01775163970887661,0.01766192726790905,0.016882915049791336,0.02596709504723549,8.882558904588223e-05,0.0005890898173674941,0.0008532881620340049,9.34491072257515e-06,0.0028341382276266813,0.0,-0.044312894344329834,-2.6022433303296566e-05,-0.0028217406943440437,0.008503475226461887,59999996.0,-0.0025036006700247526,1.141375774921203e-05,0.3,0.1,-9.38647174835205,0.05660891532897949,0.5645369291305542
18499.0,0.01847076788544655,0.01837097853422165,0.017619866877794266,0.025037065148353577,0.00013215039507485926,0.0005430461023934186,0.0008386520203202963,9.977621630241629e-06,0.004501643590629101,0.0,-0.04437337815761566,-2.230214886367321e-05,-0.0029150305781513453,0.0087234852835536,59999996.0,-0.002499303314834833,1.124335358210493e-05,0.3,0.1,-9.38018798828125,0.06391920894384384,0.5835670232772827
18599.0,0.0180424265563488,0.01797565631568432,0.017184339463710785,0.026377245783805847,5.8989338867831975e-05,0.0004564841219689697,0.0008154663955792785,9.701462658995297e-06,0.0021259093191474676,0.0,-0.044525984674692154,-2.50933226197958e-05,-0.0029139681719243526,0.008653889410197735,59999996.0,-0.002481012139469385,1.1083745712756699e-05,0.3,0.1,-9.382078170776367,0.06120715290307999,0.5810520052909851
18699.0,0.018113594502210617,0.018031319603323936,0.01732674241065979,0.023485880345106125,0.00011482078116387129,0.0004340341256465763,0.000843122077640146,9.756442523212172e-06,0.003094337647780776,0.0,-0.04474693909287453,-2.6810565032064915e-05,-0.0028686346486210823,0.008502868004143238,59999996.0,-0.0024614776484668255,1.0934973522020822e-05,0.3,0.1,-9.38243579864502,0.06482104957103729,0.5978612303733826
18799.0,0.018216518685221672,0.018120083957910538,0.01740650087594986,0.023786118254065514,0.00012438489648047835,0.0005380803486332297,0.0008445787243545055,9.682054042059463e-06,0.003981854300945997,0.0,-0.044671639800071716,-2.482673153281212e-05,-0.0029056640341877937,0.008532052859663963,59999996.0,-0.0024050408974289894,1.0797073717209261e-05,0.3,0.1,-9.379286766052246,0.06443145126104355,0.6135827302932739
18899.0,0.018334759399294853,0.01824735850095749,0.017361126840114594,0.029541026800870895,0.00012603166396729648,0.00044845123193226755,0.0008297045715153217,1.0227638995274901e-05,0.003404219402000308,0.0,-0.04451901093125343,-2.900755498558283e-05,-0.0029924758709967136,0.008643005043268204,59999996.0,-0.0024307728745043278,1.0670080323035388e-05,0.3,0.1,-9.384905815124512,0.05963960662484169,0.5807414650917053
18999.0,0.01842726580798626,0.018335990607738495,0.017641546204686165,0.02314816042780876,9.339157259091735e-05,0.0005886625731363893,0.0008357102051377296,1.0537880370975472e-05,0.003026718972250819,0.0,-0.04465317353606224,-2.481183037161827e-05,-0.0029774177819490433,0.008648700080811977,59999996.0,-0.0024150924291461706,1.0554024673218973e-05,0.3,0.1,-9.387990951538086,0.058231353759765625,0.568603515625
19099.0,0.018109820783138275,0.01801922172307968,0.017295949161052704,0.024109069257974625,0.0001094283361453563,0.0005299822078086436,0.0008476905059069395,1.0510986612644047e-05,0.0034000915475189686,0.0,-0.04478037357330322,-3.1574396416544914e-05,-0.0030307499691843987,0.008669832721352577,59999996.0,-0.002379438141360879,1.0448935402755054e-05,0.3,0.1,-9.385557174682617,0.0741184875369072,0.6447803974151611
19199.0,0.018371470272541046,0.01828344166278839,0.017541296780109406,0.024738147854804993,8.003377297427505e-05,0.0005982458824291825,0.0008328889962285757,1.0653961908246856e-05,0.002829846693202853,0.0,-0.044946249574422836,-3.0590337701141834e-05,-0.003074985696002841,0.008708261884748936,59999996.0,-0.0023507277946919203,1.0354838440848614e-05,0.3,0.1,-9.385297775268555,0.07189624011516571,0.6612136960029602
19299.0,0.017667289823293686,0.017568450421094894,0.01665523089468479,0.030440621078014374,0.0001378457818645984,0.0005177850252948701,0.0008524105651304126,1.1691531653923448e-05,0.004265876021236181,3.652893383332412e-07,-0.04505499452352524,-3.079173620790243e-05,-0.0031605379190295935,0.00882629118859768,59999996.0,-0.0023398762568831444,1.0271757004517e-05,0.3,0.1,-9.401214599609375,0.05524084344506264,0.5391643047332764
19399.0,0.017820293083786964,0.017736999318003654,0.01694556325674057,0.02638118341565132,9.17138677323237e-05,0.0005088183097541332,0.0008349751005880535,1.2869243619206827e-05,0.003417691681534052,1.927285779856902e-07,-0.045164864510297775,-3.276893403381109e-05,-0.0033879715483635664,0.009099951013922691,59999996.0,-0.0023325032088905573,1.019971159286147e-05,0.3,0.1,-9.385836601257324,0.06345915794372559,0.6024920344352722
19499.0,0.01844850182533264,0.01836671493947506,0.017615538090467453,0.025039255619049072,9.316725481767207e-05,0.0004942777450196445,0.0008333091391250491,1.2641604371310677e-05,0.0029446992557495832,0.0,-0.044857244938611984,-3.6031706258654594e-05,-0.003319213166832924,0.008935953490436077,59999996.0,-0.0022962328512221575,1.01387199820093e-05,0.3,0.1,-9.38725757598877,0.07614588737487793,0.6553725600242615
19599.0,0.0186773594468832,0.018611421808600426,0.017668474465608597,0.03143157809972763,7.639588147867471e-05,0.00039525277679786086,0.0008340672357007861,1.2019964742648881e-05,0.0020584233570843935,0.0,-0.044659826904535294,-3.477768041193485e-05,-0.0031959170009940863,0.008649374358355999,59999996.0,-0.0022584188263863325,1.0088797220727815e-05,0.3,0.1,-9.391525268554688,0.059257328510284424,0.5784691572189331
19699.0,0.01873718947172165,0.01866855099797249,0.017914043739438057,0.025150269269943237,8.337425242643803e-05,0.0003983285860158503,0.0008560483111068606,1.5098983567440882e-05,0.0021828908938914537,0.0,-0.04501791298389435,-3.485952038317919e-05,-0.0036937235854566097,0.009479103609919548,59999996.0,-0.0022548402193933725,1.0049955626711372e-05,0.3,0.1,-9.388894081115723,0.06299057602882385,0.5916575789451599
19799.0,0.01839415729045868,0.01828940212726593,0.01753299869596958,0.025213470682501793,0.00013200001558288932,0.0005950969643890858,0.0008577287080697715,1.2831211279262789e-05,0.004145334009081125,2.389262476754084e-07,-0.04500645399093628,-3.73603543266654e-05,-0.003305355552583933,0.008920068852603436,59999996.0,-0.002246248070150614,1.002220478354209e-05,0.3,0.1,-9.388222694396973,0.08395860344171524,0.7020724415779114
19899.0,0.018621141090989113,0.018528982996940613,0.017884382978081703,0.021486636251211166,0.00010173552436754107,0.0005693500279448926,0.0008186469203792512,1.3032797141931951e-05,0.0032300525344908237,2.9276164825731144e-11,-0.045125123113393784,-3.440852742642164e-05,-0.0033545568585395813,0.008974420838057995,59999996.0,-0.0022140401415526867,1.0005551538325278e-05,0.3,0.1,-9.393060684204102,0.06169293820858002,0.6104257106781006
19999.0,0.01807265169918537,0.018008647486567497,0.01730075478553772,0.023596441373229027,5.958192195976153e-05,0.0004257596447132528,0.0008261321345344186,1.4550604646501597e-05,0.0019981381483376026,0.0,-0.044946495443582535,-3.254530020058155e-05,-0.0035652227234095335,0.009356943890452385,59999996.0,-0.0022088719997555017,1e-05,0.3,0.1,-9.390814781188965,0.07617851346731186,0.6682922840118408
